<TICKER>,<PER>,<DTYYYYMMDD>,<TIME>,<OPEN>,<HIGH>,<LOW>,<CLOSE>,<VOL>,<OPENINT>
AAL.L,D,20030101,000000,1104.97,1104.97,1104.97,1104.97,000,0
AAL.L,D,20030102,000000,1098.98,1125.93,1095.99,1124.74,1856000,0
AAL.L,D,20030103,000000,1125.34,1125.34,1111.56,1119.35,1124100,0
AAL.L,D,20030106,000000,1115.15,1118.75,1095.99,1098.98,1967500,0
AAL.L,D,20030107,000000,1102.58,1102.58,1081.02,1090.60,1492900,0
AAL.L,D,20030108,000000,1091.20,1109.76,1071.43,1072.03,2401200,0
AAL.L,D,20030109,000000,1081.02,1092.40,1070.84,1089.40,1794800,0
AAL.L,D,20030110,000000,1095.39,1095.39,1061.25,1084.01,2049800,0
AAL.L,D,20030113,000000,1078.02,1118.15,1078.02,1103.18,2206900,0
AAL.L,D,20030114,000000,1112.16,1116.35,1095.99,1109.16,2525400,0
AAL.L,D,20030115,000000,1109.56,1122.94,1104.37,1104.37,2424800,0
AAL.L,D,20030116,000000,1107.97,1112.16,1096.59,1100.18,2598900,0
AAL.L,D,20030117,000000,1104.37,1117.55,1092.40,1110.36,1905100,0
AAL.L,D,20030120,000000,1107.97,1118.15,1099.58,1101.98,1548600,0
AAL.L,D,20030121,000000,1101.98,1112.76,1100.78,1104.97,2147100,0
AAL.L,D,20030122,000000,1099.58,1108.57,1079.82,1082.21,2892200,0
AAL.L,D,20030123,000000,1092.99,1092.99,1060.06,1063.05,2979500,0
AAL.L,D,20030124,000000,1074.43,1074.43,1042.09,1048.08,2602300,0
AAL.L,D,20030127,000000,1047.48,1047.48,1019.33,1020.53,5152000,0
AAL.L,D,20030128,000000,1030.11,1049.27,1030.11,1036.70,3203500,0
AAL.L,D,20030129,000000,1027.71,1039.09,1007.95,1025.32,3528500,0
AAL.L,D,20030130,000000,1038.49,1042.09,1018.13,1027.71,3307000,0
AAL.L,D,20030131,000000,1019.93,1019.93,986.39,994.77,3218300,0
AAL.L,D,20030203,000000,1018.13,1054.07,1001.36,1052.27,2583500,0
AAL.L,D,20030204,000000,1042.09,1065.44,1042.09,1043.29,2855300,0
AAL.L,D,20030205,000000,1042.09,1069.64,1033.10,1069.64,2488600,0
AAL.L,D,20030206,000000,1060.06,1087.01,1048.68,1072.03,2265200,0
AAL.L,D,20030207,000000,1080.42,1098.38,1064.85,1078.02,2147800,0
AAL.L,D,20030210,000000,1094.79,1094.79,1075.03,1083.41,1441000,0
AAL.L,D,20030211,000000,1101.98,1101.98,1074.43,1098.98,1612100,0
AAL.L,D,20030212,000000,1090.00,1091.80,1077.42,1078.02,1746800,0
AAL.L,D,20030213,000000,1066.04,1072.03,1052.27,1061.25,2632600,0
AAL.L,D,20030214,000000,1056.46,1069.64,1049.87,1051.07,2059800,0
AAL.L,D,20030217,000000,1075.63,1078.62,1058.86,1076.82,1644900,0
AAL.L,D,20030218,000000,1071.43,1082.81,1067.24,1078.02,2232000,0
AAL.L,D,20030219,000000,1079.22,1082.81,1061.25,1061.25,1793100,0
AAL.L,D,20030220,000000,1055.86,1076.82,1036.70,1068.44,3048700,0
AAL.L,D,20030221,000000,1060.65,1078.62,1056.46,1078.02,1867200,0
AAL.L,D,20030224,000000,1081.02,1091.80,1076.82,1081.62,2067200,0
AAL.L,D,20030225,000000,1072.03,1072.03,1044.48,1045.68,2517000,0
AAL.L,D,20030226,000000,1057.06,1076.82,1050.47,1068.44,2597400,0
AAL.L,D,20030227,000000,1067.24,1083.41,1055.26,1072.03,2304500,0
AAL.L,D,20030228,000000,1084.01,1099.58,1069.64,1099.58,2550400,0
AAL.L,D,20030303,000000,1097.19,1121.74,1097.19,1113.96,1975000,0
AAL.L,D,20030304,000000,1107.97,1118.75,1105.57,1111.56,2552600,0
AAL.L,D,20030305,000000,1097.19,1110.36,1091.20,1102.58,3000200,0
AAL.L,D,20030306,000000,1103.18,1111.56,1086.41,1087.01,2525100,0
AAL.L,D,20030307,000000,1085.81,1086.41,1061.85,1072.63,2461500,0
AAL.L,D,20030310,000000,1072.63,1098.98,1072.63,1084.01,2555300,0
AAL.L,D,20030311,000000,1068.44,1081.62,1054.07,1072.03,2865900,0
AAL.L,D,20030312,000000,1054.07,1056.46,1006.75,1010.35,4720000,0
AAL.L,D,20030313,000000,1034.30,1103.18,1030.11,1095.99,4626400,0
AAL.L,D,20030314,000000,1107.97,1125.93,1103.77,1125.34,2466900,0
AAL.L,D,20030317,000000,1091.20,1184.63,1091.20,1162.47,2132000,0
AAL.L,D,20030318,000000,1161.27,1197.80,1161.27,1171.45,3817700,0
AAL.L,D,20030319,000000,1163.66,1173.85,1149.89,1167.86,3365100,0
AAL.L,D,20030320,000000,1157.08,1172.05,1123.54,1165.46,4019200,0
AAL.L,D,20030321,000000,1165.46,1204.99,1165.46,1204.99,2375000,0
AAL.L,D,20030324,000000,1176.24,1185.82,1129.53,1129.53,3801300,0
AAL.L,D,20030325,000000,1127.13,1149.89,1110.36,1145.70,2454000,0
AAL.L,D,20030326,000000,1142.70,1147.49,1122.94,1145.10,1625700,0
AAL.L,D,20030327,000000,1129.53,1140.91,1119.35,1131.92,1285800,0
AAL.L,D,20030328,000000,1125.93,1131.92,1098.38,1098.38,2365200,0
AAL.L,D,20030331,000000,1098.38,1098.38,1075.03,1076.82,2588000,0
AAL.L,D,20030401,000000,1091.20,1110.96,1079.82,1109.76,1886800,0
AAL.L,D,20030402,000000,1136.71,1154.68,1107.97,1151.09,2542100,0
AAL.L,D,20030403,000000,1143.90,1173.85,1143.90,1164.86,2040500,0
AAL.L,D,20030404,000000,1155.88,1169.65,1115.15,1125.93,3400300,0
AAL.L,D,20030407,000000,1134.32,1176.84,1134.32,1176.84,3541000,0
AAL.L,D,20030408,000000,1169.06,1169.06,1125.93,1125.93,2675500,0
AAL.L,D,20030409,000000,1125.34,1125.93,1101.98,1106.77,3641200,0
AAL.L,D,20030410,000000,1110.96,1110.96,1090.00,1090.00,1199300,0
AAL.L,D,20030411,000000,1097.19,1116.35,1092.99,1113.36,1898700,0
AAL.L,D,20030414,000000,1113.96,1124.14,1109.16,1116.35,1860300,0
AAL.L,D,20030415,000000,1124.74,1128.33,1108.57,1115.15,2308100,0
AAL.L,D,20030416,000000,1118.75,1123.54,1110.96,1114.56,2941500,0
AAL.L,D,20030417,000000,1116.35,1125.93,1109.76,1118.15,1362200,0
AAL.L,D,20030418,000000,1118.15,1118.15,1118.15,1118.15,000,0
AAL.L,D,20030421,000000,1118.15,1118.15,1118.15,1118.15,000,0
AAL.L,D,20030422,000000,1128.33,1128.33,1095.99,1100.78,1608000,0
AAL.L,D,20030423,000000,1107.97,1109.16,1092.40,1097.19,2439900,0
AAL.L,D,20030424,000000,1091.80,1093.59,1032.51,1040.29,3988800,0
AAL.L,D,20030425,000000,1039.69,1048.68,1030.11,1030.11,4044000,0
AAL.L,D,20030428,000000,1030.11,1031.91,1008.55,1030.11,3463800,0
AAL.L,D,20030429,000000,1042.09,1055.86,1038.49,1049.27,2426000,0
AAL.L,D,20030430,000000,1045.68,1081.62,1036.10,1073.23,3350300,0
AAL.L,D,20030501,000000,1076.82,1083.41,1054.07,1057.66,1268400,0
AAL.L,D,20030502,000000,1065.44,1094.19,1065.44,1094.19,3250000,0
AAL.L,D,20030505,000000,1094.19,1094.19,1094.19,1094.19,000,0
AAL.L,D,20030506,000000,1099.58,1112.16,1091.20,1097.19,3157300,0
AAL.L,D,20030507,000000,1101.98,1101.98,1078.02,1082.81,2339700,0
AAL.L,D,20030508,000000,1079.82,1086.41,1051.67,1055.26,2862000,0
AAL.L,D,20030509,000000,1060.65,1079.82,1052.87,1078.02,1437700,0
AAL.L,D,20030512,000000,1082.81,1091.80,1061.25,1089.40,1610400,0
AAL.L,D,20030513,000000,1094.19,1101.98,1083.41,1099.58,1566700,0
AAL.L,D,20030514,000000,1095.99,1111.56,1078.62,1085.21,2990600,0
AAL.L,D,20030515,000000,1087.60,1115.15,1087.60,1099.58,2576600,0
AAL.L,D,20030516,000000,1099.58,1131.92,1099.58,1110.36,3020100,0
AAL.L,D,20030519,000000,1089.40,1118.15,1064.85,1066.64,2541500,0
AAL.L,D,20030520,000000,1068.44,1084.01,1057.66,1068.44,3234700,0
AAL.L,D,20030521,000000,1069.64,1069.64,1055.86,1064.85,1455100,0
AAL.L,D,20030522,000000,1072.63,1082.21,1061.85,1081.62,1349000,0
AAL.L,D,20030523,000000,1079.82,1101.98,1076.23,1101.98,1398900,0
AAL.L,D,20030526,000000,1101.98,1101.98,1101.98,1101.98,000,0
AAL.L,D,20030527,000000,1104.37,1104.97,1088.20,1101.98,1392700,0
AAL.L,D,20030528,000000,1106.17,1131.92,1101.38,1131.92,2836000,0
AAL.L,D,20030529,000000,1125.93,1143.90,1123.54,1127.73,1559100,0
AAL.L,D,20030530,000000,1119.94,1148.69,1116.95,1131.92,1526100,0
AAL.L,D,20030602,000000,1139.11,1163.07,1137.91,1163.07,975500,0
AAL.L,D,20030603,000000,1149.89,1154.68,1134.92,1152.29,1393200,0
AAL.L,D,20030604,000000,1163.07,1163.07,1142.10,1154.68,1074700,0
AAL.L,D,20030605,000000,1167.86,1176.24,1151.09,1173.25,2365000,0
AAL.L,D,20030606,000000,1170.25,1210.98,1170.25,1199.60,2914500,0
AAL.L,D,20030609,000000,1183.43,1193.61,1183.43,1193.61,1030900,0
AAL.L,D,20030610,000000,1190.62,1190.62,1171.45,1178.64,1319700,0
AAL.L,D,20030611,000000,1178.64,1178.64,1149.89,1173.25,1372900,0
AAL.L,D,20030612,000000,1173.85,1179.84,1157.68,1164.26,1662500,0
AAL.L,D,20030613,000000,1155.88,1166.66,1147.49,1147.49,1673700,0
AAL.L,D,20030616,000000,1147.49,1177.44,1143.90,1150.49,1440800,0
AAL.L,D,20030617,000000,1155.88,1171.45,1152.88,1163.66,1432600,0
AAL.L,D,20030618,000000,1160.67,1161.87,1151.09,1159.47,1513000,0
AAL.L,D,20030619,000000,1161.87,1161.87,1139.11,1143.90,2784300,0
AAL.L,D,20030620,000000,1137.91,1161.87,1137.91,1154.68,1038300,0
AAL.L,D,20030623,000000,1148.09,1157.68,1129.53,1136.71,1001300,0
AAL.L,D,20030624,000000,1143.30,1143.30,1113.96,1124.14,1582900,0
AAL.L,D,20030625,000000,1131.92,1131.92,1110.36,1113.36,1617200,0
AAL.L,D,20030626,000000,1112.16,1117.55,1103.77,1106.77,1168800,0
AAL.L,D,20030627,000000,1115.75,1119.94,1104.37,1110.96,1711700,0
AAL.L,D,20030630,000000,1104.37,1131.32,1104.37,1107.97,1339200,0
AAL.L,D,20030701,000000,1116.35,1116.35,1090.60,1093.59,1977700,0
AAL.L,D,20030702,000000,1106.17,1114.56,1100.78,1109.16,1719600,0
AAL.L,D,20030703,000000,1110.36,1133.12,1110.36,1115.75,2184200,0
AAL.L,D,20030704,000000,1123.54,1128.93,1090.00,1106.17,2697900,0
AAL.L,D,20030707,000000,1109.16,1135.52,1104.37,1131.32,2498100,0
AAL.L,D,20030708,000000,1131.32,1171.45,1131.32,1152.29,2067000,0
AAL.L,D,20030709,000000,1155.88,1165.46,1152.29,1156.48,1812200,0
AAL.L,D,20030710,000000,1159.47,1164.26,1148.69,1158.87,1206400,0
AAL.L,D,20030711,000000,1155.88,1170.85,1143.30,1167.26,1428900,0
AAL.L,D,20030714,000000,1167.86,1216.37,1166.06,1216.37,2457700,0
AAL.L,D,20030715,000000,1218.16,1232.54,1203.79,1218.76,2235800,0
AAL.L,D,20030716,000000,1213.37,1220.56,1199.60,1201.99,2370900,0
AAL.L,D,20030717,000000,1199.60,1206.19,1185.23,1189.42,2350800,0
AAL.L,D,20030718,000000,1182.83,1198.40,1182.83,1195.41,1094300,0
AAL.L,D,20030721,000000,1191.81,1198.40,1176.84,1176.84,1089400,0
AAL.L,D,20030722,000000,1185.23,1185.23,1165.46,1173.85,2178700,0
AAL.L,D,20030723,000000,1179.84,1187.62,1171.45,1185.82,1483600,0
AAL.L,D,20030724,000000,1186.42,1227.75,1185.82,1224.75,1826500,0
AAL.L,D,20030725,000000,1218.16,1283.44,1218.16,1281.05,3993300,0
AAL.L,D,20030728,000000,1287.64,1311.59,1279.25,1311.59,4160700,0
AAL.L,D,20030729,000000,1303.81,1303.81,1264.28,1281.65,2077500,0
AAL.L,D,20030730,000000,1272.07,1282.85,1266.08,1272.07,2071200,0
AAL.L,D,20030731,000000,1269.67,1294.82,1262.48,1294.82,2000900,0
AAL.L,D,20030801,000000,1280.45,1305.60,1280.45,1294.23,1923800,0
AAL.L,D,20030804,000000,1288.24,1306.80,1283.44,1298.42,1222000,0
AAL.L,D,20030805,000000,1304.41,1319.98,1302.01,1313.99,2247400,0
AAL.L,D,20030806,000000,1305.60,1310.40,1299.62,1308.00,1804500,0
AAL.L,D,20030807,000000,1306.20,1318.78,1285.24,1305.60,2769000,0
AAL.L,D,20030808,000000,1323.57,1339.74,1315.19,1317.58,2335200,0
AAL.L,D,20030811,000000,1325.97,1353.52,1324.77,1347.53,1273200,0
AAL.L,D,20030812,000000,1351.12,1369.69,1331.96,1366.09,2000700,0
AAL.L,D,20030813,000000,1372.68,1397.84,1372.68,1379.27,2886100,0
AAL.L,D,20030814,000000,1379.87,1383.46,1360.70,1372.68,2588700,0
AAL.L,D,20030815,000000,1371.48,1395.44,1364.30,1379.27,2337900,0
AAL.L,D,20030818,000000,1386.46,1414.60,1386.46,1414.60,1731900,0
AAL.L,D,20030819,000000,1418.20,1419.40,1396.64,1410.41,2474800,0
AAL.L,D,20030820,000000,1389.45,1403.23,1370.29,1384.66,2048300,0
AAL.L,D,20030821,000000,1387.06,1424.19,1381.07,1413.41,2901500,0
AAL.L,D,20030822,000000,1403.23,1449.34,1403.23,1438.56,2314400,0
AAL.L,D,20030825,000000,1438.56,1438.56,1438.56,1438.56,000,0
AAL.L,D,20030826,000000,14062.20,1430.77,1396.64,1406.22,2067900,0
AAL.L,D,20030827,000000,1413.41,1419.40,1389.45,1395.44,2394800,0
AAL.L,D,20030828,000000,1396.04,1422.39,1391.25,1409.81,1774000,0
AAL.L,D,20030829,000000,1417.00,1427.78,1405.62,1416.40,1513000,0
AAL.L,D,20030901,000000,1427.18,1454.73,1425.38,1446.94,1589100,0
AAL.L,D,20030902,000000,1461.32,1461.32,1415.80,1428.38,2141100,0
AAL.L,D,20030903,000000,1428.98,1461.32,1428.98,1458.92,2023400,0
AAL.L,D,20030904,000000,1449.34,1458.92,1428.38,1437.36,1603400,0
AAL.L,D,20030905,000000,1425.38,1449.94,1425.38,1441.56,2518700,0
AAL.L,D,20030908,000000,1427.18,1457.76,1427.78,1443.95,1365900,0
AAL.L,D,20030909,000000,1437.36,1446.94,1418.20,1421.79,2146700,0
AAL.L,D,20030910,000000,1407.42,1421.55,1388.40,1409.81,2476900,0
AAL.L,D,20030911,000000,1401.43,1411.01,1388.25,1399.63,1864200,0
AAL.L,D,20030912,000000,1397.84,1427.18,1395.44,1414.01,2505600,0
AAL.L,D,20030915,000000,1412.81,1422.99,1408.62,1417.60,1263500,0
AAL.L,D,20030916,000000,1414.01,1434.97,1408.02,1430.18,1074500,0
AAL.L,D,20030917,000000,1431.97,1449.34,1419.99,1432.57,2119000,0
AAL.L,D,20030918,000000,1422.99,1430.18,1410.41,1428.98,2860200,0
AAL.L,D,20030919,000000,1432.57,1433.17,1397.84,1412.81,5474300,0
AAL.L,D,20030922,000000,1402.63,1413.41,1382.26,1409.81,4900500,0
AAL.L,D,20030923,000000,1395.44,1394.24,1376.27,1379.87,4846800,0
AAL.L,D,20030924,000000,1391.85,1397.84,1369.09,1375.08,2773100,0
AAL.L,D,20030925,000000,1366.69,1366.69,1334.35,1349.92,2412500,0
AAL.L,D,20030926,000000,1353.52,1353.52,1309.20,1317.58,2401000,0
AAL.L,D,20030929,000000,1312.79,1339.14,1312.79,1319.98,1852100,0
AAL.L,D,20030930,000000,1323.57,1335.55,1292.43,1294.82,2960000,0
AAL.L,D,20031001,000000,1299.62,1315.19,1288.84,1315.19,1910400,0
AAL.L,D,20031002,000000,1315.19,1347.53,1308.00,1347.53,2865200,0
AAL.L,D,20031003,000000,1347.53,1401.43,1347.53,1396.64,3161700,0
AAL.L,D,20031006,000000,1387.06,1411.01,1387.06,1411.01,2585600,0
AAL.L,D,20031007,000000,1407.42,1407.42,1371.48,1389.45,2033600,0
AAL.L,D,20031008,000000,1389.45,1413.41,1385.86,1405.02,2277600,0
AAL.L,D,20031009,000000,1405.02,1431.37,1401.43,1431.37,1994900,0
AAL.L,D,20031010,000000,1430.18,1437.36,1408.62,1414.60,1898000,0
AAL.L,D,20031013,000000,1413.41,1461.32,1413.41,1460.12,1913900,0
AAL.L,D,20031014,000000,1461.32,1485.27,1434.97,1437.36,2057200,0
AAL.L,D,20031015,000000,1442.15,1460.12,1439.76,1450.54,2858400,0
AAL.L,D,20031016,000000,1449.34,1449.34,1413.41,1421.79,2332800,0
AAL.L,D,20031017,000000,1422.99,1442.15,1422.99,1430.18,2076100,0
AAL.L,D,20031020,000000,1433.77,1436.16,1411.01,1428.98,978600,0
AAL.L,D,20031021,000000,1428.98,1426.58,1420.59,1425.38,1410700,0
AAL.L,D,20031022,000000,1420.59,1434.97,1384.66,1391.85,1967000,0
AAL.L,D,20031023,000000,1388.25,1388.25,1348.73,1371.48,1690700,0
AAL.L,D,20031024,000000,1379.87,1379.87,1355.91,1378.67,1644200,0
AAL.L,D,20031027,000000,1371.48,1399.03,1365.49,1378.67,1261200,0
AAL.L,D,20031028,000000,1385.86,1397.84,1372.68,1391.85,1227000,0
AAL.L,D,20031029,000000,1397.84,1400.23,1385.86,1393.04,1243400,0
AAL.L,D,20031030,000000,1394.24,1452.93,1394.24,1443.35,3140500,0
AAL.L,D,20031031,000000,1440.96,1456.53,1422.99,1444.55,2106000,0
AAL.L,D,20031103,000000,1434.97,1467.31,1434.97,1457.73,1882100,0
AAL.L,D,20031104,000000,1463.71,1497.25,1461.32,1494.86,2429300,0
AAL.L,D,20031105,000000,1486.47,1508.03,1479.29,1485.27,2061700,0
AAL.L,D,20031106,000000,1496.06,1509.23,1476.89,1509.23,1473000,0
AAL.L,D,20031107,000000,1512.82,1536.78,1511.63,1518.81,2100600,0
AAL.L,D,20031110,000000,1505.64,1515.22,1487.67,1494.86,919300,0
AAL.L,D,20031111,000000,1491.26,1491.26,1467.31,1474.49,1058000,0
AAL.L,D,20031112,000000,1479.29,1503.24,1469.70,1498.45,1538500,0
AAL.L,D,20031113,000000,1515.22,1528.40,1498.45,1518.81,1872500,0
AAL.L,D,20031114,000000,1515.22,1541.57,1515.22,1531.99,1671300,0
AAL.L,D,20031117,000000,1527.20,1527.20,1481.68,1491.26,1856700,0
AAL.L,D,20031118,000000,1492.46,1504.44,1463.71,1476.89,1740200,0
AAL.L,D,20031119,000000,1456.53,1479.29,1456.53,1469.70,1265300,0
AAL.L,D,20031120,000000,1464.91,1478.09,1440.96,1451.74,1973800,0
AAL.L,D,20031121,000000,1444.55,1473.30,1444.55,1464.91,1608800,0
AAL.L,D,20031124,000000,1473.30,1488.87,1461.32,1467.31,1399700,0
AAL.L,D,20031125,000000,1466.11,1473.30,1440.96,1451.74,1692200,0
AAL.L,D,20031126,000000,1437.36,1484.08,1437.36,1467.31,1302000,0
AAL.L,D,20031127,000000,1463.71,1476.89,1458.92,1476.89,770600,0
AAL.L,D,20031128,000000,1475.69,1479.29,1461.32,1467.31,978900,0
AAL.L,D,20031201,000000,1470.90,1528.40,1467.31,1524.80,1962400,0
AAL.L,D,20031202,000000,1524.80,1540.37,1496.06,1505.64,1839500,0
AAL.L,D,20031203,000000,1468.11,1523.60,1456.53,1463.71,3302900,0
AAL.L,D,20031204,000000,1445.75,1490.07,1445.75,1469.70,3011400,0
AAL.L,D,20031205,000000,1472.10,1480.48,1461.32,1479.29,1535300,0
AAL.L,D,20031208,000000,1474.49,1475.69,1451.74,1458.92,933600,0
AAL.L,D,20031209,000000,1458.92,1479.29,1458.92,1474.49,1964300,0
AAL.L,D,20031210,000000,1462.52,1470.90,1422.99,1425.38,2208400,0
AAL.L,D,20031211,000000,1458.88,1385.86,1377.47,1385.86,3565000,0
AAL.L,D,20031212,000000,1391.85,1401.43,1379.87,1400.23,2542400,0
AAL.L,D,20031215,000000,1409.81,1419.40,1399.03,1399.03,1532100,0
AAL.L,D,20031216,000000,1401.43,1403.82,1381.07,1389.45,1529200,0
AAL.L,D,20031217,000000,1394.24,1397.84,1385.86,1390.65,1317200,0
AAL.L,D,20031218,000000,1389.45,1406.22,1383.46,1402.63,2045900,0
AAL.L,D,20031219,000000,1400.23,1428.98,1400.23,1421.79,2285800,0
AAL.L,D,20031222,000000,1407.42,1450.54,1407.42,1440.96,1830800,0
AAL.L,D,20031223,000000,1440.96,1445.75,1414.60,1436.16,770000,0
AAL.L,D,20031224,000000,1436.16,1450.54,1436.16,1439.76,160800,0
AAL.L,D,20031225,000000,1439.76,1439.76,1439.76,1439.76,000,0
AAL.L,D,20031226,000000,1439.76,1439.76,1439.76,1439.76,000,0
AAL.L,D,20031229,000000,1417.00,1473.30,1417.00,1466.11,1338500,0
AAL.L,D,20031230,000000,1467.31,1473.30,1444.55,1456.53,1180800,0
AAL.L,D,20031231,000000,1461.32,1461.32,1440.96,1445.75,241100,0
AAL.L,D,20040101,000000,1445.75,1445.75,1445.75,1445.75,000,0
AAL.L,D,20040102,000000,1448.14,1461.32,1438.56,1456.53,990200,0
AAL.L,D,20040105,000000,1457.73,1497.25,1455.33,1487.67,2237500,0
AAL.L,D,20040106,000000,1491.26,1499.65,1469.70,1475.69,2313000,0
AAL.L,D,20040107,000000,1487.67,1487.67,1422.99,1428.98,3149900,0
AAL.L,D,20040108,000000,1442.15,1460.12,1425.38,1433.77,2122100,0
AAL.L,D,20040109,000000,1428.98,1446.94,1411.01,1425.38,2463600,0
AAL.L,D,20040112,000000,1431.37,1464.91,1419.40,1431.37,1969400,0
AAL.L,D,20040113,000000,1428.98,1445.75,1419.40,1427.78,2222800,0
AAL.L,D,20040114,000000,1432.57,1461.32,1419.40,1440.96,2705200,0
AAL.L,D,20040115,000000,1427.78,1432.57,1403.82,1409.81,3074000,0
AAL.L,D,20040116,000000,1409.81,1462.52,1451.74,1457.73,3998900,0
AAL.L,D,20040119,000000,1461.32,1486.47,1455.33,1480.48,2008000,0
AAL.L,D,20040120,000000,1479.29,1479.29,1461.32,1463.71,2407000,0
AAL.L,D,20040121,000000,1467.31,1467.31,1439.76,1451.74,1860000,0
AAL.L,D,20040122,000000,1449.34,1462.52,1439.76,1442.15,2689300,0
AAL.L,D,20040123,000000,1478.09,1490.07,1446.94,1472.10,3078700,0
AAL.L,D,20040126,000000,1464.91,1503.24,1464.91,1493.66,2886700,0
AAL.L,D,20040127,000000,1527.20,1531.99,1497.25,1520.01,4269200,0
AAL.L,D,20040128,000000,1504.44,1530.79,1504.44,1523.60,2794300,0
AAL.L,D,20040129,000000,1516.42,1516.42,1485.27,1486.47,2225800,0
AAL.L,D,20040130,000000,1494.86,1503.24,1467.31,1496.06,2882500,0
AAL.L,D,20040202,000000,1499.65,1506.84,1470.90,1473.30,2607500,0
AAL.L,D,20040203,000000,1473.30,1479.29,1457.73,1464.91,1874100,0
AAL.L,D,20040204,000000,1466.11,1484.08,1463.71,1478.09,1441700,0
AAL.L,D,20040205,000000,1463.71,1478.09,1451.74,1455.33,1985300,0
AAL.L,D,20040206,000000,1473.30,1473.30,1449.34,1464.91,2012400,0
AAL.L,D,20040209,000000,1464.91,1487.67,1464.91,1480.48,2316300,0
AAL.L,D,20040210,000000,1485.27,1485.27,1462.52,1463.71,1774300,0
AAL.L,D,20040211,000000,1472.10,1472.10,1443.35,1452.93,2252100,0
AAL.L,D,20040212,000000,1452.93,1509.23,1452.93,1497.25,4060300,0
AAL.L,D,20040213,000000,1499.65,1557.14,1493.66,1522.41,4683000,0
AAL.L,D,20040216,000000,1523.60,1537.98,1521.21,1530.79,1289200,0
AAL.L,D,20040217,000000,1539.18,1561.93,1537.98,1552.35,1649800,0
AAL.L,D,20040218,000000,1554.75,1582.30,1548.76,1570.32,3047300,0
AAL.L,D,20040219,000000,1578.70,1596.67,1564.33,1589.48,2930800,0
AAL.L,D,20040220,000000,1587.09,1593.08,1558.34,1559.54,2193800,0
AAL.L,D,20040223,000000,1569.12,1578.70,1554.75,1576.31,2047800,0
AAL.L,D,20040224,000000,1569.12,1573.91,1536.78,1569.12,3476800,0
AAL.L,D,20040225,000000,1555.94,1596.67,1554.75,1579.90,2647100,0
AAL.L,D,20040226,000000,1578.70,1614.64,1578.70,1609.85,2500300,0
AAL.L,D,20040227,000000,1614.64,1612.24,1608.65,1608.65,3289100,0
AAL.L,D,20040301,000000,1611.04,1648.18,1635.00,1638.59,2454000,0
AAL.L,D,20040302,000000,1639.79,1706.87,1639.79,1700.88,5637100,0
AAL.L,D,20040303,000000,1696.09,1696.09,1650.57,1656.56,3215800,0
AAL.L,D,20040304,000000,1658.96,1670.93,1631.41,1640.99,2324900,0
AAL.L,D,20040305,000000,1635.00,1681.71,1635.00,1672.13,2500700,0
AAL.L,D,20040308,000000,1672.13,1676.92,1656.56,1666.14,1079300,0
AAL.L,D,20040309,000000,1635.00,1661.35,1635.00,1656.56,2082300,0
AAL.L,D,20040310,000000,1630.21,1630.21,1577.51,1588.29,3385200,0
AAL.L,D,20040311,000000,1575.11,1581.10,1526.00,1563.13,4860300,0
AAL.L,D,20040312,000000,1541.57,1593.08,1541.57,1589.48,2496300,0
AAL.L,D,20040315,000000,1585.89,1591.88,1539.18,1542.77,2655600,0
AAL.L,D,20040316,000000,1533.19,1569.12,1518.81,1553.55,3893300,0
AAL.L,D,20040317,000000,1557.14,1582.30,1557.14,1575.11,2210400,0
AAL.L,D,20040318,000000,1578.70,1597.87,1569.12,1578.70,3161700,0
AAL.L,D,20040319,000000,1596.67,1596.67,1565.53,1578.70,1881200,0
AAL.L,D,20040322,000000,1560.74,1569.12,1530.79,1543.97,1118900,0
AAL.L,D,20040323,000000,1546.36,1565.53,1518.81,1523.60,2496800,0
AAL.L,D,20040324,000000,1527.20,1536.78,1467.31,1473.30,3946000,0
AAL.L,D,20040325,000000,1476.89,1518.81,1476.89,1511.63,2869200,0
AAL.L,D,20040326,000000,1521.21,1535.58,1514.02,1528.40,1640800,0
AAL.L,D,20040329,000000,1528.40,1560.74,1527.20,1553.55,1487000,0
AAL.L,D,20040330,000000,1546.36,1575.11,1537.98,1566.73,2290800,0
AAL.L,D,20040331,000000,1566.73,1567.92,1543.97,1553.55,1746000,0
AAL.L,D,20040401,000000,1553.55,1573.91,1546.36,1573.91,1350000,0
AAL.L,D,20040402,000000,1569.12,1625.42,1569.12,1618.23,2242500,0
AAL.L,D,20040405,000000,1618.23,1637.40,1612.24,1632.60,1767000,0
AAL.L,D,20040406,000000,1637.40,1637.40,1590.68,1600.26,2489700,0
AAL.L,D,20040407,000000,1612.24,1621.82,1587.09,1589.48,2465900,0
AAL.L,D,20040408,000000,1617.03,1617.03,1595.47,1606.25,1311100,0
AAL.L,D,20040409,000000,1606.25,1606.25,1606.25,1606.25,000,0
AAL.L,D,20040412,000000,1606.25,1606.25,1606.25,1606.25,000,0
AAL.L,D,20040413,000000,1600.26,1619.43,1600.26,1602.66,976600,0
AAL.L,D,20040414,000000,1582.30,1595.47,1555.94,1566.73,3256800,0
AAL.L,D,20040415,000000,1558.34,1577.51,1547.56,1565.53,2991100,0
AAL.L,D,20040416,000000,1564.33,1575.11,1558.34,1558.34,3095500,0
AAL.L,D,20040419,000000,1561.93,1565.53,1528.40,1537.98,1565500,0
AAL.L,D,20040420,000000,1541.57,1567.92,1539.18,1547.56,1393200,0
AAL.L,D,20040421,000000,1522.41,1530.79,1467.31,1472.10,4756600,0
AAL.L,D,20040422,000000,1472.10,1481.68,1442.15,1475.69,4054000,0
AAL.L,D,20040423,000000,1497.25,1498.45,1467.31,1470.90,1970800,0
AAL.L,D,20040426,000000,1473.30,1492.46,1469.70,1478.09,2100100,0
AAL.L,D,20040427,000000,1474.49,1487.67,1462.52,1472.10,1565900,0
AAL.L,D,20040428,000000,1464.91,1467.31,1397.84,1405.02,5104000,0
AAL.L,D,20040429,000000,1397.84,1407.42,1361.90,1393.04,6677800,0
AAL.L,D,20040430,000000,1388.25,1388.25,1354.71,1359.51,3730800,0
AAL.L,D,20040503,000000,1359.51,1359.51,1359.51,1359.51,000,0
AAL.L,D,20040504,000000,1363.10,1408.62,1351.12,1407.42,5502300,0
AAL.L,D,20040505,000000,1408.62,1420.59,1403.82,1407.42,2214800,0
AAL.L,D,20040506,000000,1397.84,1403.82,1357.11,1365.49,3185600,0
AAL.L,D,20040507,000000,1360.70,1370.29,1346.33,1347.53,1838600,0
AAL.L,D,20040510,000000,1339.14,1340.34,1305.60,1305.60,2559600,0
AAL.L,D,20040511,000000,1319.98,1340.34,1310.40,1336.75,3194800,0
AAL.L,D,20040512,000000,1376.27,1376.27,1319.98,1319.98,2846200,0
AAL.L,D,20040513,000000,1329.56,1348.73,1319.98,1328.36,2059900,0
AAL.L,D,20040514,000000,1325.97,1292.43,1275.66,1291.23,3431600,0
AAL.L,D,20040517,000000,1287.64,1287.64,1251.70,1284.04,3195900,0
AAL.L,D,20040518,000000,1288.84,1296.02,1266.08,1284.04,2977900,0
AAL.L,D,20040519,000000,1302.01,1365.49,1299.62,1361.90,5694300,0
AAL.L,D,20040520,000000,1353.52,1334.35,1323.57,1330.76,1934400,0
AAL.L,D,20040521,000000,1327.16,1373.88,1327.16,1355.91,2868000,0
AAL.L,D,20040524,000000,1345.13,1373.88,1337.94,1339.14,2234400,0
AAL.L,D,20040525,000000,1337.94,1351.12,1322.37,1346.33,2071100,0
AAL.L,D,20040526,000000,1361.90,1373.88,1355.91,1373.88,3033900,0
AAL.L,D,20040527,000000,1377.47,1401.43,1377.47,1384.66,3967600,0
AAL.L,D,20040528,000000,1385.86,1388.25,1365.49,1370.29,2349700,0
AAL.L,D,20040531,000000,1370.29,1370.29,1370.29,1370.29,000,0
AAL.L,D,20040601,000000,1364.30,1394.24,1364.30,1387.06,1987700,0
AAL.L,D,20040602,000000,1391.85,1393.04,1353.52,1355.91,2840000,0
AAL.L,D,20040603,000000,1354.71,1360.70,1337.94,1352.32,2498200,0
AAL.L,D,20040604,000000,1327.16,1364.30,1327.16,1360.70,1702100,0
AAL.L,D,20040607,000000,1363.10,1396.64,1363.10,1393.04,1854700,0
AAL.L,D,20040608,000000,1389.45,1407.42,1382.26,1385.86,1633200,0
AAL.L,D,20040609,000000,1396.64,1401.43,1358.31,1360.70,1669300,0
AAL.L,D,20040610,000000,1360.70,1367.89,1340.34,1358.31,1912200,0
AAL.L,D,20040611,000000,1360.70,1360.70,1337.94,1345.13,1433700,0
AAL.L,D,20040614,000000,1345.13,1348.73,1317.58,1317.58,2588000,0
AAL.L,D,20040615,000000,1328.36,1336.75,1317.58,1334.35,2149300,0
AAL.L,D,20040616,000000,1331.96,1352.32,1325.97,1333.15,1580700,0
AAL.L,D,20040617,000000,1331.96,1346.33,1315.19,1340.34,3072300,0
AAL.L,D,20040618,000000,1329.56,1357.11,1329.56,1351.12,2516600,0
AAL.L,D,20040621,000000,1357.11,1369.09,1342.74,1351.12,1340500,0
AAL.L,D,20040622,000000,1347.53,1353.52,1324.77,1328.36,2254000,0
AAL.L,D,20040623,000000,1329.56,1328.36,1319.98,1325.97,2005300,0
AAL.L,D,20040624,000000,1324.77,1365.49,1324.77,1363.10,2497000,0
AAL.L,D,20040625,000000,1360.70,1379.87,1360.70,1377.47,1712200,0
AAL.L,D,20040628,000000,1360.70,1401.43,1360.70,1385.86,1852100,0
AAL.L,D,20040629,000000,1377.47,1377.47,1349.92,1363.10,2316900,0
AAL.L,D,20040630,000000,1367.89,1376.27,1351.12,1351.12,3043500,0
AAL.L,D,20040701,000000,1353.52,1359.51,1335.55,1335.55,2495000,0
AAL.L,D,20040702,000000,1333.15,1340.34,1305.60,1321.18,2319600,0
AAL.L,D,20040705,000000,1317.58,1337.94,1316.38,1330.76,1236900,0
AAL.L,D,20040706,000000,1339.14,1310.40,1303.21,1305.60,2095500,0
AAL.L,D,20040707,000000,1305.60,1328.36,1305.60,1313.99,2407300,0
AAL.L,D,20040708,000000,1310.40,1328.36,1306.80,1322.37,3170200,0
AAL.L,D,20040709,000000,1315.19,1341.54,1310.40,1341.54,1861200,0
AAL.L,D,20040712,000000,1336.75,1358.31,1335.55,1341.54,1721600,0
AAL.L,D,20040713,000000,1352.32,1363.10,1345.13,1360.70,2120000,0
AAL.L,D,20040714,000000,1360.70,1360.70,1337.94,1353.52,2506200,0
AAL.L,D,20040715,000000,1347.53,1372.68,1347.53,1363.10,2319800,0
AAL.L,D,20040716,000000,1367.89,1371.48,1339.14,1361.90,3266700,0
AAL.L,D,20040719,000000,1352.32,1361.90,1343.93,1343.93,2473100,0
AAL.L,D,20040720,000000,1339.14,1343.93,1327.16,1342.74,1602000,0
AAL.L,D,20040721,000000,1349.92,1366.69,1349.92,1358.31,2194500,0
AAL.L,D,20040722,000000,1346.33,1347.53,1306.80,1313.99,4012700,0
AAL.L,D,20040723,000000,1311.59,1340.34,1311.59,1317.58,3615200,0
AAL.L,D,20040726,000000,1317.58,1333.15,1310.40,1310.40,1423100,0
AAL.L,D,20040727,000000,1312.79,1328.36,1312.79,1323.57,1401700,0
AAL.L,D,20040728,000000,1327.16,1360.70,1327.16,1351.12,3091200,0
AAL.L,D,20040729,000000,1348.73,1379.87,1348.73,1371.48,2033000,0
AAL.L,D,20040730,000000,1369.09,1412.21,1367.89,1399.03,2986100,0
AAL.L,D,20040802,000000,1401.43,1401.43,1375.08,1390.65,1435100,0
AAL.L,D,20040803,000000,1390.65,1415.80,1390.65,1412.21,2122700,0
AAL.L,D,20040804,000000,1406.22,1424.19,1396.64,1420.59,1775900,0
AAL.L,D,20040805,000000,1434.97,1446.94,1413.41,1424.19,2094000,0
AAL.L,D,20040806,000000,1421.79,1421.79,1389.45,1393.04,2385900,0
AAL.L,D,20040809,000000,1400.23,1406.22,1369.09,1379.87,1393700,0
AAL.L,D,20040810,000000,1371.48,1389.45,1371.48,1384.66,1665800,0
AAL.L,D,20040811,000000,1384.66,1395.44,1376.27,1383.46,2370900,0
AAL.L,D,20040812,000000,1393.04,1445.75,1381.07,1438.56,4895000,0
AAL.L,D,20040813,000000,1437.36,1466.11,1427.78,1433.77,3720300,0
AAL.L,D,20040816,000000,1432.57,1494.86,1421.79,1490.07,3603300,0
AAL.L,D,20040817,000000,1480.48,1510.43,1472.10,1504.44,3201000,0
AAL.L,D,20040818,000000,1475.69,1494.86,1470.90,1493.66,2696100,0
AAL.L,D,20040819,000000,1492.46,1520.01,1491.26,1508.03,2726500,0
AAL.L,D,20040820,000000,1498.45,1511.63,1488.87,1506.84,1598600,0
AAL.L,D,20040823,000000,1502.04,1541.57,1502.04,1537.98,2398500,0
AAL.L,D,20040824,000000,1541.57,1541.57,1492.46,1498.45,3038200,0
AAL.L,D,20040825,000000,1491.26,1496.06,1461.32,1476.89,2979500,0
AAL.L,D,20040826,000000,1488.87,1503.24,1481.68,1503.24,2464500,0
AAL.L,D,20040827,000000,1504.44,1527.20,1499.65,1511.63,1581600,0
AAL.L,D,20040830,000000,1511.63,1511.63,1511.63,1511.63,000,0
AAL.L,D,20040831,000000,1506.84,1516.42,1493.66,1503.24,1793100,0
AAL.L,D,20040901,000000,1522.41,1523.60,1508.03,1516.42,1022600,0
AAL.L,D,20040902,000000,1520.01,1523.60,1502.04,1514.02,1363200,0
AAL.L,D,20040903,000000,1516.42,1516.42,1502.04,1512.82,959600,0
AAL.L,D,20040906,000000,1502.04,1533.19,1502.04,1526.00,937500,0
AAL.L,D,20040907,000000,1529.59,1529.59,1491.26,1496.06,1790300,0
AAL.L,D,20040908,000000,1496.06,1509.23,1487.67,1504.44,2005200,0
AAL.L,D,20040909,000000,1504.44,1508.03,1497.25,1503.24,1216200,0
AAL.L,D,20040910,000000,1509.23,1521.21,1502.04,1510.43,1685900,0
AAL.L,D,20040913,000000,1508.03,1524.80,1503.24,1506.84,1408400,0
AAL.L,D,20040914,000000,1508.03,1509.23,1493.66,1499.65,2047800,0
AAL.L,D,20040915,000000,1493.66,1504.44,1479.29,1484.08,3048800,0
AAL.L,D,20040916,000000,1476.89,1516.42,1476.89,1512.82,1680800,0
AAL.L,D,20040917,000000,1504.44,1558.34,1504.44,1552.35,3395800,0
AAL.L,D,20040920,000000,1541.57,1553.55,1531.99,1543.97,1803300,0
AAL.L,D,20040921,000000,1540.37,1571.52,1540.37,1565.53,2881200,0
AAL.L,D,20040922,000000,1571.52,1559.54,1553.55,1557.14,1516200,0
AAL.L,D,20040923,000000,1559.54,1563.13,1535.58,1536.78,2023000,0
AAL.L,D,20040924,000000,1537.98,1541.57,1518.81,1529.59,1656800,0
AAL.L,D,20040927,000000,1520.01,1536.78,1512.82,1526.00,1126000,0
AAL.L,D,20040928,000000,1529.59,1573.91,1515.22,1570.32,3108000,0
AAL.L,D,20040929,000000,1571.52,1593.08,1571.52,1588.29,3312200,0
AAL.L,D,20040930,000000,1581.10,1590.68,1565.53,1587.09,2541300,0
AAL.L,D,20041001,000000,1589.48,1611.04,1585.89,1606.25,2598300,0
AAL.L,D,20041004,000000,1617.03,1625.42,1573.91,1575.11,2587000,0
AAL.L,D,20041005,000000,1581.10,1583.49,1566.73,1578.70,2298800,0
AAL.L,D,20041006,000000,1581.10,1603.86,1593.08,1597.87,1507300,0
AAL.L,D,20041007,000000,1605.06,1625.42,1605.06,1625.42,3200400,0
AAL.L,D,20041008,000000,1615.84,1632.60,1595.47,1612.24,2864500,0
AAL.L,D,20041011,000000,1606.25,1627.81,1585.89,1589.48,1739500,0
AAL.L,D,20041012,000000,1577.51,1587.09,1547.56,1560.74,2214900,0
AAL.L,D,20041013,000000,1569.12,1569.12,1485.27,1498.45,5670100,0
AAL.L,D,20041014,000000,1491.26,1524.80,1476.89,1521.21,4355100,0
AAL.L,D,20041015,000000,1524.80,1527.20,1492.46,1511.63,2338700,0
AAL.L,D,20041018,000000,1521.21,1526.00,1502.04,1508.03,1822200,0
AAL.L,D,20041019,000000,1518.81,1524.80,1472.10,1475.69,2891100,0
AAL.L,D,20041020,000000,1469.70,1469.70,1421.79,1450.54,4719100,0
AAL.L,D,20041021,000000,1457.73,1470.90,1443.35,1456.53,3765900,0
AAL.L,D,20041022,000000,1457.73,1469.70,1439.76,1440.96,3049000,0
AAL.L,D,20041025,000000,1428.98,1452.93,1415.80,1432.57,2045000,0
AAL.L,D,20041026,000000,1428.98,1480.48,1428.98,1475.69,4304000,0
AAL.L,D,20041027,000000,1493.66,1498.45,1470.90,1484.08,2191700,0
AAL.L,D,20041028,000000,1490.07,1498.45,1418.20,1440.96,4049100,0
AAL.L,D,20041029,000000,1440.96,1451.74,1425.38,1430.18,2617300,0
AAL.L,D,20041101,000000,1443.35,1463.71,1438.56,1458.92,1692500,0
AAL.L,D,20041102,000000,1467.31,1478.09,1455.33,1460.12,2298100,0
AAL.L,D,20041103,000000,1479.29,1479.29,1442.15,1456.53,2090200,0
AAL.L,D,20041104,000000,1460.12,1481.68,1439.76,1475.69,2590000,0
AAL.L,D,20041105,000000,1487.67,1492.46,1467.31,1470.90,2531600,0
AAL.L,D,20041108,000000,1469.70,1478.09,1440.96,1452.93,3025800,0
AAL.L,D,20041109,000000,1443.35,1473.30,1443.35,1473.30,2193500,0
AAL.L,D,20041110,000000,1475.69,1523.60,1475.69,1512.82,4879500,0
AAL.L,D,20041111,000000,1518.81,1529.59,1493.66,1521.21,1940100,0
AAL.L,D,20041112,000000,1527.20,1530.79,1499.65,1528.40,2134000,0
AAL.L,D,20041115,000000,1533.19,1547.56,1522.41,1533.19,2859700,0
AAL.L,D,20041116,000000,1520.01,1520.01,1506.84,1509.23,2451100,0
AAL.L,D,20041117,000000,1521.21,1555.94,1511.63,1546.36,3085500,0
AAL.L,D,20041118,000000,1549.96,1555.94,1540.37,1553.55,2680800,0
AAL.L,D,20041119,000000,1549.96,1558.34,1537.98,1542.77,2167600,0
AAL.L,D,20041122,000000,1533.19,1543.97,1500.85,1515.22,2361100,0
AAL.L,D,20041123,000000,1523.60,1523.60,1502.04,1511.63,3774800,0
AAL.L,D,20041124,000000,1508.03,1511.63,1493.66,1505.64,4166300,0
AAL.L,D,20041125,000000,1504.44,1533.19,1497.25,1530.79,5338700,0
AAL.L,D,20041126,000000,1521.21,1537.98,1504.44,1524.80,5407000,0
AAL.L,D,20041129,000000,1527.20,1558.34,1526.00,1554.75,9682900,0
AAL.L,D,20041130,000000,1549.96,1552.35,1506.84,1521.21,39705200,0
AAL.L,D,20041201,000000,1512.82,1521.21,1506.84,1521.21,7739900,0
AAL.L,D,20041202,000000,1529.59,1529.59,1498.45,1502.04,5220400,0
AAL.L,D,20041203,000000,1504.44,1504.44,1467.31,1479.29,4784400,0
AAL.L,D,20041206,000000,1470.90,1470.90,1422.99,1430.18,7252400,0
AAL.L,D,20041207,000000,1406.22,1443.35,1391.85,1443.35,7574600,0
AAL.L,D,20041208,000000,1425.38,1432.57,1403.82,1419.40,6551800,0
AAL.L,D,20041209,000000,1422.99,1442.15,1393.04,1406.22,6699700,0
AAL.L,D,20041210,000000,1407.42,1425.38,1395.44,1402.63,3276300,0
AAL.L,D,20041213,000000,1400.23,1427.78,1399.03,1421.79,3806200,0
AAL.L,D,20041214,000000,1427.78,1412.21,1402.63,1406.22,2331600,0
AAL.L,D,20041215,000000,1413.41,1395.44,1383.46,1394.24,3371100,0
AAL.L,D,20041216,000000,1400.23,1411.01,1390.65,1407.42,3278400,0
AAL.L,D,20041217,000000,1408.62,1412.21,1390.65,1390.65,4329000,0
AAL.L,D,20041220,000000,1395.44,1430.18,1395.44,1422.99,2379100,0
AAL.L,D,20041221,000000,1421.79,1460.12,1421.79,1446.94,3505000,0
AAL.L,D,20041222,000000,1458.92,1472.10,1454.13,1461.32,2844100,0
AAL.L,D,20041223,000000,1467.31,1469.70,1452.93,1468.51,1500400,0
AAL.L,D,20041224,000000,1472.10,1472.10,1455.33,1463.71,243200,0
AAL.L,D,20041227,000000,1463.71,1463.71,1463.71,1463.71,000,0
AAL.L,D,20041228,000000,1463.71,1463.71,1463.71,1463.71,000,0
AAL.L,D,20041229,000000,1463.71,1478.09,1462.52,1478.09,1061400,0
AAL.L,D,20041230,000000,1476.89,1476.89,1461.32,1472.10,906000,0
AAL.L,D,20041231,000000,1467.31,1476.89,1445.75,1475.69,400800,0
AAL.L,D,20050103,000000,1475.69,1475.69,1475.69,1475.69,000,0
AAL.L,D,20050104,000000,1466.11,1475.69,1439.76,1451.74,2547200,0
AAL.L,D,20050105,000000,1442.15,1463.71,1431.37,1452.93,2702000,0
AAL.L,D,20050106,000000,1455.33,1479.29,1452.93,1478.09,3117700,0
AAL.L,D,20050107,000000,1472.10,1478.09,1452.93,1466.11,2541900,0
AAL.L,D,20050110,000000,1461.32,1472.10,1460.12,1462.52,1298000,0
AAL.L,D,20050111,000000,1467.31,1490.07,1455.33,1464.91,2351200,0
AAL.L,D,20050112,000000,1455.33,1481.68,1455.33,1464.91,2310700,0
AAL.L,D,20050113,000000,1473.30,1478.09,1449.34,1458.92,1764500,0
AAL.L,D,20050114,000000,1467.31,1492.46,1460.12,1484.08,4360400,0
AAL.L,D,20050117,000000,1496.06,1510.43,1484.08,1508.03,2677800,0
AAL.L,D,20050118,000000,1509.23,1509.23,1486.47,1499.65,2935700,0
AAL.L,D,20050119,000000,1497.25,1504.44,1467.31,1480.48,3411300,0
AAL.L,D,20050120,000000,1470.90,1480.48,1466.11,1474.49,2608800,0
AAL.L,D,20050121,000000,1476.89,1490.07,1469.70,1487.67,2259600,0
AAL.L,D,20050124,000000,1485.27,1502.04,1480.48,1499.65,2972000,0
AAL.L,D,20050125,000000,1491.26,1493.66,1475.69,1491.26,3568000,0
AAL.L,D,20050126,000000,1496.06,1482.88,1478.09,1482.88,2050700,0
AAL.L,D,20050127,000000,1479.29,1494.86,1474.49,1487.67,2052700,0
AAL.L,D,20050128,000000,1488.87,1491.26,1469.70,1470.90,1281700,0
AAL.L,D,20050131,000000,1485.27,1485.27,1472.10,1475.69,1986200,0
AAL.L,D,20050201,000000,1480.48,1536.78,1479.29,1531.99,7909000,0
AAL.L,D,20050202,000000,1533.19,1582.30,1510.43,1559.54,6862900,0
AAL.L,D,20050203,000000,1554.75,1563.13,1527.20,1534.38,4037500,0
AAL.L,D,20050204,000000,1531.99,1542.77,1523.60,1537.98,2235200,0
AAL.L,D,20050207,000000,1555.94,1570.32,1548.76,1565.53,2685800,0
AAL.L,D,20050208,000000,1566.73,1579.90,1554.75,1573.91,3460500,0
AAL.L,D,20050209,000000,1554.75,1576.31,1539.18,1549.96,2566500,0
AAL.L,D,20050210,000000,1551.15,1572.71,1546.36,1560.74,1832300,0
AAL.L,D,20050211,000000,1566.73,1590.68,1560.74,1587.09,2406400,0
AAL.L,D,20050214,000000,1589.48,1589.48,1567.92,1575.11,1974200,0
AAL.L,D,20050215,000000,1572.71,1589.48,1571.52,1583.49,1690200,0
AAL.L,D,20050216,000000,1593.08,1601.46,1583.49,1588.29,3519100,0
AAL.L,D,20050217,000000,1591.88,1611.04,1588.29,1605.06,3376000,0
AAL.L,D,20050218,000000,1600.26,1621.82,1596.67,1614.64,4342400,0
AAL.L,D,20050221,000000,1621.82,1623.02,1599.07,1606.25,1123300,0
AAL.L,D,20050222,000000,1611.04,1617.03,1582.30,1601.46,3082200,0
AAL.L,D,20050223,000000,1581.10,1587.09,1547.56,1563.13,4542100,0
AAL.L,D,20050224,000000,1567.92,1569.12,1534.38,1539.18,4410800,0
AAL.L,D,20050225,000000,1551.15,1558.34,1541.57,1552.35,5612200,0
AAL.L,D,20050228,000000,1565.53,1589.48,1547.56,1553.55,5210600,0
AAL.L,D,20050301,000000,1548.76,1564.33,1545.16,1561.93,3032000,0
AAL.L,D,20050302,000000,1552.35,1553.55,1535.58,1551.15,2892300,0
AAL.L,D,20050303,000000,1546.36,1576.31,1546.36,1570.32,2668800,0
AAL.L,D,20050304,000000,1576.31,1576.31,1558.34,1572.71,2780700,0
AAL.L,D,20050307,000000,1578.70,1588.29,1571.52,1582.30,1813100,0
AAL.L,D,20050308,000000,1565.53,1585.89,1564.33,1571.52,2906800,0
AAL.L,D,20050309,000000,1543.97,1555.94,1527.20,1541.57,4020500,0
AAL.L,D,20050310,000000,1535.58,1504.44,1496.06,1504.44,3254200,0
AAL.L,D,20050311,000000,1517.62,1521.21,1490.07,1497.25,3281800,0
AAL.L,D,20050314,000000,1502.04,1512.82,1482.88,1488.87,1558300,0
AAL.L,D,20050315,000000,1491.26,1506.84,1486.47,1502.04,2701000,0
AAL.L,D,20050316,000000,1500.85,1536.78,1498.45,1518.81,3302700,0
AAL.L,D,20050317,000000,1528.40,1545.16,1514.02,1540.37,3397400,0
AAL.L,D,20050318,000000,1536.78,1554.75,1536.78,1545.16,3231700,0
AAL.L,D,20050321,000000,1552.35,1554.75,1526.00,1533.19,3588000,0
AAL.L,D,20050322,000000,1536.78,1539.18,1517.62,1530.79,3390600,0
AAL.L,D,20050323,000000,1520.01,1529.59,1511.63,1520.01,3895200,0
AAL.L,D,20050324,000000,1515.22,1517.62,1502.04,1503.24,2275300,0
AAL.L,D,20050325,000000,1503.24,1503.24,1503.24,1503.24,000,0
AAL.L,D,20050328,000000,1503.24,1503.24,1503.24,1503.24,000,0
AAL.L,D,20050329,000000,1497.25,1504.44,1480.48,1494.86,2253500,0
AAL.L,D,20050330,000000,1482.88,1500.85,1479.29,1492.46,2385800,0
AAL.L,D,20050331,000000,1505.64,1512.82,1493.66,1503.24,2350500,0
AAL.L,D,20050401,000000,1520.01,1531.99,1502.04,1518.81,3942600,0
AAL.L,D,20050404,000000,1521.21,1521.21,1503.24,1511.63,1266600,0
AAL.L,D,20050405,000000,1526.00,1526.00,1506.84,1515.22,1709800,0
AAL.L,D,20050406,000000,1527.20,1530.79,1517.62,1523.60,2514900,0
AAL.L,D,20050407,000000,1527.20,1533.19,1520.01,1523.60,2365200,0
AAL.L,D,20050408,000000,1523.60,1533.19,1511.63,1526.00,2213800,0
AAL.L,D,20050411,000000,1515.22,1524.80,1510.43,1521.21,1680500,0
AAL.L,D,20050412,000000,1520.01,1528.40,1514.02,1517.62,1766200,0
AAL.L,D,20050413,000000,1529.59,1533.19,1478.09,1487.67,3957000,0
AAL.L,D,20050414,000000,1473.30,1503.24,1464.91,1472.10,5019300,0
AAL.L,D,20050415,000000,1461.32,1469.70,1442.15,1461.32,4055700,0
AAL.L,D,20050418,000000,1449.34,1449.34,1420.59,1424.19,4866800,0
AAL.L,D,20050419,000000,1433.77,1442.15,1424.19,1431.37,3549100,0
AAL.L,D,20050420,000000,1437.36,1446.94,1412.21,1418.20,3958700,0
AAL.L,D,20050421,000000,1411.01,1427.78,1409.81,1417.00,2317500,0
AAL.L,D,20050422,000000,1425.38,1428.98,1417.00,1422.99,2691200,0
AAL.L,D,20050425,000000,1409.81,1430.18,1406.22,1426.58,2239100,0
AAL.L,D,20050426,000000,1420.59,1434.97,1402.63,1409.81,2467000,0
AAL.L,D,20050427,000000,1412.21,1414.60,1377.47,1384.66,2830300,0
AAL.L,D,20050428,000000,1393.04,1393.04,1340.34,1353.52,4826000,0
AAL.L,D,20050429,000000,1348.73,1396.64,1348.73,1390.65,5326500,0
AAL.L,D,20050502,000000,1390.65,1390.65,1390.65,1390.65,000,0
AAL.L,D,20050503,000000,1389.45,1417.00,1388.25,1417.00,2718700,0
AAL.L,D,20050504,000000,1415.80,1419.40,1395.44,1418.20,2199100,0
AAL.L,D,20050505,000000,1420.59,1436.16,1413.41,1434.97,2550600,0
AAL.L,D,20050506,000000,1432.57,1467.31,1427.78,1466.11,3645600,0
AAL.L,D,20050509,000000,1479.29,1486.47,1449.34,1455.33,4650500,0
AAL.L,D,20050510,000000,1466.11,1466.11,1438.56,1445.75,2928700,0
AAL.L,D,20050511,000000,1439.76,1446.94,1426.58,1439.76,2782700,0
AAL.L,D,20050512,000000,1442.15,1455.33,1434.97,1443.35,2134500,0
AAL.L,D,20050513,000000,1437.36,1440.96,1406.22,1424.19,3202300,0
AAL.L,D,20050516,000000,1419.40,1439.76,1405.02,1437.36,2030500,0
AAL.L,D,20050517,000000,1436.16,1461.32,1431.37,1454.13,2876000,0
AAL.L,D,20050518,000000,1458.92,1508.03,1458.92,1496.06,3948700,0
AAL.L,D,20050519,000000,1509.23,1517.62,1494.86,1504.44,3717800,0
AAL.L,D,20050520,000000,1512.82,1539.18,1504.44,1528.40,3974400,0
AAL.L,D,20050523,000000,1540.37,1547.56,1523.60,1542.77,2365100,0
AAL.L,D,20050524,000000,1545.16,1560.74,1545.16,1557.14,3154200,0
AAL.L,D,20050525,000000,1557.14,1557.14,1527.20,1542.77,3887200,0
AAL.L,D,20050526,000000,1545.16,1587.09,1531.99,1581.10,4053000,0
AAL.L,D,20050527,000000,1589.48,1591.88,1578.70,1585.89,2689800,0
AAL.L,D,20050530,000000,1585.89,1585.89,1585.89,1585.89,000,0
AAL.L,D,20050531,000000,1599.07,1612.24,1570.32,1571.52,4157400,0
AAL.L,D,20050601,000000,1581.10,1597.87,1563.13,1597.87,3638000,0
AAL.L,D,20050602,000000,1602.66,1602.66,1581.10,1596.67,2661500,0
AAL.L,D,20050603,000000,1596.67,1596.67,1596.67,1596.67,000,0
AAL.L,D,20050606,000000,1600.26,1607.45,1581.10,1584.69,2151500,0
AAL.L,D,20050607,000000,1579.90,1584.69,1564.33,1577.51,3655100,0
AAL.L,D,20050608,000000,1573.91,1581.10,1565.53,1576.31,1262100,0
AAL.L,D,20050609,000000,1575.11,1578.70,1571.52,1573.91,2144500,0
AAL.L,D,20050610,000000,1587.09,1587.09,1564.33,1578.70,2108600,0
AAL.L,D,20050613,000000,1573.91,1595.47,1573.91,1591.88,2080300,0
AAL.L,D,20050614,000000,1595.47,1595.47,1567.92,1587.09,2558300,0
AAL.L,D,20050615,000000,1591.88,1591.88,1566.73,1570.32,3319000,0
AAL.L,D,20050616,000000,1581.10,1623.02,1581.10,1611.04,3117200,0
AAL.L,D,20050617,000000,1609.85,1627.81,1606.25,1612.24,4715300,0
AAL.L,D,20050620,000000,1615.84,1620.63,1603.86,1609.85,1743200,0
AAL.L,D,20050621,000000,1608.65,1611.04,1573.91,1585.89,1926800,0
AAL.L,D,20050622,000000,1587.09,1595.47,1573.91,1577.51,2327600,0
AAL.L,D,20050623,000000,1571.52,1587.09,1566.73,1575.11,2022600,0
AAL.L,D,20050624,000000,1566.73,1571.52,1534.38,1540.37,2857600,0
AAL.L,D,20050627,000000,1540.37,1547.56,1524.80,1539.18,2853000,0
AAL.L,D,20050628,000000,1539.18,1561.93,1539.18,1546.36,1823500,0
AAL.L,D,20050629,000000,1557.14,1561.93,1537.98,1554.75,1859200,0
AAL.L,D,20050630,000000,1554.75,1581.10,1554.75,1567.92,2713200,0
AAL.L,D,20050701,000000,1570.32,1585.89,1559.54,1581.10,1755900,0
AAL.L,D,20050704,000000,1589.48,1603.86,1564.33,1600.26,1780700,0
AAL.L,D,20050705,000000,1607.45,1607.45,1570.32,1576.31,2488700,0
AAL.L,D,20050706,000000,1582.30,1591.88,1566.73,1585.89,2374900,0
AAL.L,D,20050707,000000,1584.69,1587.09,1504.44,1560.74,4204400,0
AAL.L,D,20050708,000000,1575.11,1577.51,1558.34,1571.52,1688900,0
AAL.L,D,20050711,000000,1581.10,1591.88,1575.11,1585.89,2122300,0
AAL.L,D,20050712,000000,1589.48,1593.08,1583.49,1589.48,1774200,0
AAL.L,D,20050713,000000,1593.08,1609.85,1585.89,1601.46,1653500,0
AAL.L,D,20050714,000000,1608.65,1620.63,1599.07,1609.85,8760500,0
AAL.L,D,20050715,000000,1605.06,1609.85,1590.68,1595.47,4640100,0
AAL.L,D,20050718,000000,1595.47,1611.04,1584.69,1587.09,4710800,0
AAL.L,D,20050719,000000,1595.47,1595.47,1558.34,1573.91,11790300,0
AAL.L,D,20050720,000000,1588.29,1612.24,1584.69,1602.66,6370000,0
AAL.L,D,20050721,000000,1605.06,1655.36,1605.06,1644.58,6305600,0
AAL.L,D,20050722,000000,1648.18,1673.33,1635.00,1670.93,4945200,0
AAL.L,D,20050725,000000,1662.55,1681.71,1649.37,1675.73,4547300,0
AAL.L,D,20050726,000000,1666.14,1680.52,1658.96,1670.93,3684800,0
AAL.L,D,20050727,000000,1680.52,1708.07,1674.53,1693.69,5254700,0
AAL.L,D,20050728,000000,1706.87,1709.26,1692.49,1708.07,3452200,0
AAL.L,D,20050729,000000,1718.85,1726.03,1710.46,1724.84,3448200,0
AAL.L,D,20050801,000000,1729.63,1729.63,1692.49,1702.08,3618700,0
AAL.L,D,20050802,000000,1694.89,1723.64,1694.89,1720.04,3232200,0
AAL.L,D,20050803,000000,1730.82,1758.37,1711.66,1752.38,5933800,0
AAL.L,D,20050804,000000,1729.63,1769.15,1726.03,1760.77,7306700,0
AAL.L,D,20050805,000000,1746.40,1790.71,1746.40,1773.94,5059900,0
AAL.L,D,20050808,000000,1779.93,1801.49,1773.94,1796.70,3615000,0
AAL.L,D,20050809,000000,1788.32,1808.68,1778.74,1785.92,4068200,0
AAL.L,D,20050810,000000,1785.92,1791.91,1761.97,1775.14,5581900,0
AAL.L,D,20050811,000000,1766.76,1781.13,1748.79,1765.56,3541500,0
AAL.L,D,20050812,000000,1767.96,1778.74,1763.16,1766.76,4297000,0
AAL.L,D,20050815,000000,1767.96,1775.14,1757.18,1760.77,2947400,0
AAL.L,D,20050816,000000,1766.76,1769.15,1736.81,1739.21,5224900,0
AAL.L,D,20050817,000000,1710.46,1721.24,1679.32,1690.10,7225700,0
AAL.L,D,20050818,000000,1688.90,1688.90,1666.14,1669.74,3668200,0
AAL.L,D,20050819,000000,1679.32,1693.69,1672.13,1681.71,3290100,0
AAL.L,D,20050822,000000,1690.10,1708.07,1690.10,1698.48,1700600,0
AAL.L,D,20050823,000000,1694.89,1708.07,1690.10,1691.30,1341800,0
AAL.L,D,20050824,000000,1691.30,1691.30,1644.58,1645.78,6422300,0
AAL.L,D,20050825,000000,1631.41,1654.16,1625.42,1649.37,4114500,0
AAL.L,D,20050826,000000,1656.56,1660.15,1635.00,1644.58,3764400,0
AAL.L,D,20050829,000000,1644.58,1644.58,1644.58,1644.58,000,0
AAL.L,D,20050830,000000,1644.58,1664.94,1640.99,1649.37,3054400,0
AAL.L,D,20050831,000000,1657.76,1687.70,1655.36,1679.32,4431400,0
AAL.L,D,20050901,000000,1686.51,1706.87,1681.71,1691.30,3188200,0
AAL.L,D,20050902,000000,1700.88,1714.06,1688.90,1711.66,5222500,0
AAL.L,D,20050905,000000,1706.87,1715.25,1699.68,1711.66,4100900,0
AAL.L,D,20050906,000000,1717.65,1727.23,1697.29,1726.03,3749500,0
AAL.L,D,20050907,000000,1726.03,1734.42,1718.85,1733.22,3576900,0
AAL.L,D,20050908,000000,1735.62,1735.62,1714.06,1720.04,4255200,0
AAL.L,D,20050909,000000,1718.85,1730.82,1718.85,1730.82,3520000,0
AAL.L,D,20050912,000000,1736.81,1736.81,1720.04,1724.84,2704700,0
AAL.L,D,20050913,000000,1726.03,1729.63,1706.87,1716.45,2212600,0
AAL.L,D,20050914,000000,1712.86,1733.22,1712.86,1733.22,2167800,0
AAL.L,D,20050915,000000,1736.81,1771.55,1736.81,1771.55,6738400,0
AAL.L,D,20050916,000000,1766.76,1863.78,1766.76,1861.38,16715700,0
AAL.L,D,20050919,000000,1855.40,1887.74,1843.42,1873.36,7126800,0
AAL.L,D,20050920,000000,1884.14,1934.45,1884.14,1917.68,13888200,0
AAL.L,D,20050921,000000,1899.71,1929.66,1890.13,1922.47,7772400,0
AAL.L,D,20050922,000000,1928.46,1957.21,1923.67,1933.25,8903000,0
AAL.L,D,20050923,000000,1934.45,1963.20,1929.66,1958.41,4746300,0
AAL.L,D,20050926,000000,1976.37,2003.92,1972.78,2003.92,6286500,0
AAL.L,D,20050927,000000,2002.73,2002.73,1958.41,1966.79,6617900,0
AAL.L,D,20050928,000000,1976.37,2050.64,1966.79,2041.06,7100300,0
AAL.L,D,20050929,000000,2054.23,2078.19,1990.75,2014.70,9533200,0
AAL.L,D,20050930,000000,2036.26,2042.25,1995.54,2024.29,5744400,0
AAL.L,D,20051003,000000,2030.27,2048.24,1975.18,1995.54,6573700,0
AAL.L,D,20051004,000000,2003.92,2003.92,1967.99,1987.15,3235900,0
AAL.L,D,20051005,000000,1952.42,1964.40,1905.70,1905.70,6405800,0
AAL.L,D,20051006,000000,1892.53,1985.96,1870.97,1976.37,11262000,0
AAL.L,D,20051007,000000,1962.00,1994.34,1934.45,1948.82,6205100,0
AAL.L,D,20051010,000000,1950.02,1976.37,1942.84,1946.43,5259600,0
AAL.L,D,20051011,000000,1940.44,2008.71,1940.44,1991.94,7172500,0
AAL.L,D,20051012,000000,1990.75,1997.93,1973.98,1985.96,6337100,0
AAL.L,D,20051013,000000,1970.38,1970.38,1887.74,1897.32,8304900,0
AAL.L,D,20051014,000000,1894.92,1914.09,1880.55,1881.75,4924900,0
AAL.L,D,20051017,000000,1892.53,1927.26,1878.15,1923.67,5870000,0
AAL.L,D,20051018,000000,1938.04,1954.81,1897.32,1911.69,5195700,0
AAL.L,D,20051019,000000,1886.54,1904.51,1826.65,1833.84,9159500,0
AAL.L,D,20051020,000000,1874.56,1887.74,1818.26,1829.04,5065200,0
AAL.L,D,20051021,000000,1826.65,1841.02,1793.11,1802.69,4208800,0
AAL.L,D,20051024,000000,1818.26,1891.33,1799.10,1886.54,4842300,0
AAL.L,D,20051025,000000,1891.33,1934.45,1868.57,1872.16,4894100,0
AAL.L,D,20051026,000000,1880.55,1988.35,1880.55,1985.96,16607200,0
AAL.L,D,20051027,000000,1984.76,2014.70,1966.79,1984.76,12139500,0
AAL.L,D,20051028,000000,1960.80,1977.57,1935.65,1956.01,8867500,0
AAL.L,D,20051031,000000,1976.37,2003.92,1960.80,2000.33,5994400,0
AAL.L,D,20051101,000000,1996.74,2023.09,1984.76,2011.11,5670300,0
AAL.L,D,20051102,000000,2011.11,2020.69,1975.18,2009.91,4489700,0
AAL.L,D,20051103,000000,2017.10,2047.04,2012.31,2047.04,4312500,0
AAL.L,D,20051104,000000,2036.26,2045.85,2008.71,2012.31,4029000,0
AAL.L,D,20051107,000000,2014.70,2043.45,1990.75,2038.66,4328000,0
AAL.L,D,20051108,000000,2038.66,2082.98,2038.66,2082.98,7389200,0
AAL.L,D,20051109,000000,2071.00,2079.38,2038.66,2067.41,3780200,0
AAL.L,D,20051110,000000,2082.98,2088.97,2061.42,2071.00,4600700,0
AAL.L,D,20051111,000000,2090.16,2134.48,2069.80,2127.30,3957200,0
AAL.L,D,20051114,000000,2138.08,2156.04,2118.91,2128.49,3793700,0
AAL.L,D,20051115,000000,2134.48,2175.21,2128.49,2170.42,5164700,0
AAL.L,D,20051116,000000,2178.80,2178.80,2111.73,2140.47,5131500,0
AAL.L,D,20051117,000000,2150.05,2190.78,2145.26,2169.22,6678600,0
AAL.L,D,20051118,000000,2202.76,2238.69,2196.77,2199.16,7714600,0
AAL.L,D,20051121,000000,2213.54,2220.73,2190.78,2205.15,4675800,0
AAL.L,D,20051122,000000,2211.14,2233.90,2189.58,2194.37,3417500,0
AAL.L,D,20051123,000000,2203.96,2219.53,2191.98,2217.13,3237200,0
AAL.L,D,20051124,000000,2227.91,2256.66,2225.52,2247.08,2233000,0
AAL.L,D,20051125,000000,2260.25,2277.02,2239.89,2250.67,2883100,0
AAL.L,D,20051128,000000,2263.85,2265.04,2199.16,2200.36,5247000,0
AAL.L,D,20051129,000000,2209.95,2239.89,2194.37,2239.89,6616500,0
AAL.L,D,20051130,000000,2226.71,2226.71,2169.22,2175.21,6458700,0
AAL.L,D,20051201,000000,2184.79,2202.76,2154.85,2196.77,6811800,0
AAL.L,D,20051202,000000,2211.14,2238.69,2196.77,2238.69,5006200,0
AAL.L,D,20051205,000000,2231.51,2231.51,2180.00,2187.19,4169500,0
AAL.L,D,20051206,000000,2182.40,2220.73,2169.22,2209.95,8369500,0
AAL.L,D,20051207,000000,2215.93,2262.65,2214.74,2225.52,4613000,0
AAL.L,D,20051208,000000,2213.54,2231.51,2196.77,2231.51,3830900,0
AAL.L,D,20051209,000000,2243.48,2291.40,2233.90,2279.42,5384700,0
AAL.L,D,20051212,000000,2297.38,2305.77,2269.84,2275.82,5627100,0
AAL.L,D,20051213,000000,2263.85,2280.62,2239.89,2272.23,7552600,0
AAL.L,D,20051214,000000,2267.44,2275.82,2243.48,2251.87,6809100,0
AAL.L,D,20051215,000000,2238.69,2265.04,2230.31,2238.69,6676400,0
AAL.L,D,20051216,000000,2227.91,2274.63,2227.91,2256.66,7174200,0
AAL.L,D,20051219,000000,2268.64,2281.81,2257.86,2267.44,3007000,0
AAL.L,D,20051220,000000,2263.85,2280.62,2256.66,2279.42,5980300,0
AAL.L,D,20051221,000000,2272.23,2323.74,2272.23,2321.34,4027700,0
AAL.L,D,20051222,000000,2317.75,2324.93,2305.77,2318.95,2330200,0
AAL.L,D,20051223,000000,2311.76,2335.71,2311.76,2327.33,628400,0
AAL.L,D,20051226,000000,2327.33,2327.33,2327.33,2327.33,000,0
AAL.L,D,20051227,000000,2327.33,2327.33,2327.33,2327.33,000,0
AAL.L,D,20051228,000000,2359.67,2359.67,2334.52,2352.48,2100700,0
AAL.L,D,20051229,000000,2356.08,2382.43,2354.88,2365.66,1300100,0
AAL.L,D,20051230,000000,2364.46,2370.45,2341.70,2370.45,1080400,0
AAL.L,D,20060102,000000,2370.45,2370.45,2370.45,2370.45,000,0
AAL.L,D,20060103,000000,2386.02,2443.52,2386.02,2443.52,16483200,0
AAL.L,D,20060104,000000,2455.49,2491.43,2426.75,2454.30,5522100,0
AAL.L,D,20060105,000000,2449.51,2449.51,2384.82,2390.81,4832800,0
AAL.L,D,20060106,000000,2403.99,2436.33,2353.68,2436.33,6818100,0
AAL.L,D,20060109,000000,2445.91,2448.31,2403.99,2411.18,3983600,0
AAL.L,D,20060110,000000,2408.78,2408.78,2328.53,2334.52,8843400,0
AAL.L,D,20060111,000000,2354.88,2366.86,2344.10,2363.26,7359800,0
AAL.L,D,20060112,000000,2370.45,2398.00,2354.88,2395.60,6518000,0
AAL.L,D,20060113,000000,2395.60,2399.20,2348.89,2384.82,4044300,0
AAL.L,D,20060116,000000,2427.95,2429.14,2374.04,2389.62,6283000,0
AAL.L,D,20060117,000000,2366.86,2419.56,2358.47,2411.18,7837900,0
AAL.L,D,20060118,000000,2364.46,2381.23,2342.90,2374.04,6698000,0
AAL.L,D,20060119,000000,2405.19,2423.15,2389.62,2403.99,6529800,0
AAL.L,D,20060120,000000,2414.77,2459.09,2401.59,2414.77,6417600,0
AAL.L,D,20060123,000000,2393.21,2408.78,2375.24,2403.99,5188800,0
AAL.L,D,20060124,000000,2417.16,2423.15,2372.85,2378.84,5025000,0
AAL.L,D,20060125,000000,2400.40,2484.24,2386.02,2483.04,8448000,0
AAL.L,D,20060126,000000,2495.02,2541.74,2473.46,2540.54,7671900,0
AAL.L,D,20060127,000000,2550.12,2633.97,2550.12,2619.59,10533400,0
AAL.L,D,20060130,000000,2635.16,2659.12,2580.07,2593.24,5265900,0
AAL.L,D,20060131,000000,2599.23,2617.20,2551.32,2587.25,7352100,0
AAL.L,D,20060201,000000,2594.44,2659.12,2586.05,2636.36,5923500,0
AAL.L,D,20060202,000000,2641.15,2675.89,2589.65,2595.64,6150900,0
AAL.L,D,20060203,000000,2611.21,2611.21,2547.73,2582.46,6275200,0
AAL.L,D,20060206,000000,2584.86,2608.81,2568.09,2572.88,7232500,0
AAL.L,D,20060207,000000,2582.46,2596.84,2487.84,2499.81,7436000,0
AAL.L,D,20060208,000000,2423.15,2472.26,2381.23,2409.98,14299900,0
AAL.L,D,20060209,000000,2460.29,2501.01,2438.73,2497.42,7117400,0
AAL.L,D,20060210,000000,2491.43,2507.00,2424.35,2432.74,9394600,0
AAL.L,D,20060213,000000,2371.65,2460.29,2371.65,2455.49,10286600,0
AAL.L,D,20060214,000000,2445.91,2479.45,2425.55,2463.88,7322400,0
AAL.L,D,20060215,000000,2471.07,2473.46,2425.55,2442.32,10467400,0
AAL.L,D,20060216,000000,2441.12,2449.51,2393.21,2421.96,6654600,0
AAL.L,D,20060217,000000,2424.35,2605.22,2389.62,2569.29,15984300,0
AAL.L,D,20060220,000000,2563.30,2583.66,2522.57,2551.32,5380900,0
AAL.L,D,20060221,000000,2563.30,2594.44,2548.92,2565.69,5957200,0
AAL.L,D,20060222,000000,2605.22,2645.95,2581.26,2633.97,10245100,0
AAL.L,D,20060223,000000,2650.74,2754.95,2610.01,2626.78,7730500,0
AAL.L,D,20060224,000000,2621.99,2621.99,2527.36,2586.05,7160000,0
AAL.L,D,20060227,000000,2587.25,2610.01,2572.88,2592.04,4801400,0
AAL.L,D,20060228,000000,2576.47,2580.07,2534.55,2547.73,10208300,0
AAL.L,D,20060301,000000,2547.73,2596.84,2547.73,2589.65,3711100,0
AAL.L,D,20060302,000000,2587.25,2627.98,2539.34,2581.26,5725200,0
AAL.L,D,20060303,000000,2572.88,2604.02,2545.33,2554.91,5415100,0
AAL.L,D,20060306,000000,2570.48,2594.44,2539.34,2551.32,6783300,0
AAL.L,D,20060307,000000,2539.34,2539.34,2438.73,2455.49,11459500,0
AAL.L,D,20060308,000000,2395.60,2406.38,2305.77,2383.63,10177000,0
AAL.L,D,20060309,000000,2401.59,2437.53,2332.12,2362.07,9353300,0
AAL.L,D,20060310,000000,2323.74,2372.85,2308.16,2369.25,14154600,0
AAL.L,D,20060313,000000,2394.41,2437.53,2340.51,2378.84,6236300,0
AAL.L,D,20060314,000000,2365.66,2394.41,2354.88,2394.41,5026500,0
AAL.L,D,20060315,000000,2406.38,2467.47,2395.60,2451.90,10212000,0
AAL.L,D,20060316,000000,2485.44,2485.44,2413.57,2474.66,6010500,0
AAL.L,D,20060317,000000,2473.46,2527.36,2426.75,2437.53,7673500,0
AAL.L,D,20060320,000000,2515.38,2546.53,2463.88,2471.07,4482700,0
AAL.L,D,20060321,000000,2477.05,2477.05,2413.57,2455.49,3436900,0
AAL.L,D,20060322,000000,2438.73,2441.12,2401.59,2414.77,5316700,0
AAL.L,D,20060323,000000,2473.46,2518.98,2459.09,2489.03,7959400,0
AAL.L,D,20060324,000000,2497.42,2584.86,2491.43,2577.67,7158300,0
AAL.L,D,20060327,000000,2587.25,2635.16,2563.30,2571.68,7515100,0
AAL.L,D,20060328,000000,2578.87,2583.66,2545.33,2565.69,8311800,0
AAL.L,D,20060329,000000,2557.31,2605.22,2547.73,2574.08,4845900,0
AAL.L,D,20060330,000000,2596.84,2713.02,2596.84,2690.26,6940800,0
AAL.L,D,20060331,000000,2699.85,2726.20,2648.34,2656.73,5911000,0
AAL.L,D,20060403,000000,2705.84,2747.76,2677.09,2741.77,6142800,0
AAL.L,D,20060404,000000,2745.36,2787.29,2704.64,2787.29,8337000,0
AAL.L,D,20060405,000000,2831.60,2865.14,2810.04,2843.58,7103900,0
AAL.L,D,20060406,000000,2880.71,2892.69,2819.63,2866.34,6883300,0
AAL.L,D,20060407,000000,2863.95,2866.34,2774.11,2800.46,13654400,0
AAL.L,D,20060410,000000,2804.05,2884.31,2784.89,2880.71,6590600,0
AAL.L,D,20060411,000000,2944.20,2976.54,2896.29,2904.67,9124200,0
AAL.L,D,20060412,000000,2879.52,2902.27,2835.20,2866.34,8494100,0
AAL.L,D,20060413,000000,2881.91,2891.49,2802.86,2834.00,4008300,0
AAL.L,D,20060414,000000,2834.00,2834.00,2834.00,2834.00,000,0
AAL.L,D,20060417,000000,2834.00,2834.00,2834.00,2834.00,000,0
AAL.L,D,20060418,000000,2891.49,2904.67,2873.53,2901.08,11615300,0
AAL.L,D,20060419,000000,2925.03,2948.99,2911.86,2938.21,12641800,0
AAL.L,D,20060420,000000,2952.58,2964.56,2830.41,2857.96,17556000,0
AAL.L,D,20060421,000000,2856.76,2956.18,2816.03,2946.59,6354900,0
AAL.L,D,20060424,000000,2951.38,3026.85,2935.81,2947.79,7161100,0
AAL.L,D,20060425,000000,2943.00,2969.35,2887.90,2903.47,6404800,0
AAL.L,D,20060426,000000,2920.24,2939.41,2885.51,2895.09,4891100,0
AAL.L,D,20060427,000000,2880.71,2885.51,2732.19,2795.67,11473500,0
AAL.L,D,20060428,000000,2778.90,2835.20,2741.77,2796.87,7275300,0
AAL.L,D,20060501,000000,2796.87,2796.87,2796.87,2796.87,000,0
AAL.L,D,20060502,000000,2808.85,2890.30,2808.85,2881.91,5264900,0
AAL.L,D,20060503,000000,2897.48,2954.98,2826.81,2837.59,10065100,0
AAL.L,D,20060504,000000,2814.84,2890.30,2790.88,2874.73,7367600,0
AAL.L,D,20060505,000000,2879.52,2982.53,2875.92,2965.76,7044900,0
AAL.L,D,20060508,000000,2995.70,3234.07,2907.07,2968.15,12159200,0
AAL.L,D,20060509,000000,2988.52,3040.02,2956.18,3026.85,7924600,0
AAL.L,D,20060510,000000,3036.43,3068.77,2993.31,3053.20,8146700,0
AAL.L,D,20060511,000000,3061.58,3122.67,3038.82,3050.80,6631300,0
AAL.L,D,20060512,000000,2996.90,3019.66,2889.10,2904.67,8401900,0
AAL.L,D,20060515,000000,2830.41,2917.13,2667.51,2733.38,13786900,0
AAL.L,D,20060516,000000,2695.05,2797.25,2635.16,2653.13,9215900,0
AAL.L,D,20060517,000000,2695.05,2742.28,2475.86,2501.01,11816700,0
AAL.L,D,20060518,000000,2485.44,2581.26,2443.52,2491.43,15068400,0
AAL.L,D,20060519,000000,2471.07,2563.30,2421.96,2441.12,11981100,0
AAL.L,D,20060522,000000,2353.68,2376.44,2244.68,2281.81,16772600,0
AAL.L,D,20060523,000000,2305.77,2509.75,2305.77,2491.43,11126300,0
AAL.L,D,20060524,000000,2443.52,2548.02,2339.96,2414.77,9488500,0
AAL.L,D,20060525,000000,2407.58,2503.41,2402.79,2484.24,5687600,0
AAL.L,D,20060526,000000,2527.36,2624.18,2539.34,2593.24,15390100,0
AAL.L,D,20060529,000000,2593.24,2593.24,2593.24,2593.24,000,0
AAL.L,D,20060530,000000,2611.21,2614.80,2534.55,2534.55,10025100,0
AAL.L,D,20060531,000000,2455.49,2581.10,2425.55,2580.07,7480500,0
AAL.L,D,20060601,000000,2580.07,2580.84,2469.87,2511.79,5632300,0
AAL.L,D,20060602,000000,2559.70,2571.35,2485.88,2509.40,4532700,0
AAL.L,D,20060605,000000,2536.95,2536.95,2489.03,2510.59,3587000,0
AAL.L,D,20060606,000000,2437.53,2444.71,2354.88,2386.02,7328300,0
AAL.L,D,20060607,000000,2394.41,2410.35,2322.54,2371.65,8084700,0
AAL.L,D,20060608,000000,2286.60,2371.65,2209.71,2209.95,11884300,0
AAL.L,D,20060609,000000,2251.87,2345.30,2251.87,2318.95,8355300,0
AAL.L,D,20060612,000000,2299.78,2388.66,2283.54,2327.33,5380900,0
AAL.L,D,20060613,000000,2229.11,2244.68,2183.59,2242.29,10531400,0
AAL.L,D,20060614,000000,2254.26,2270.63,2151.01,2224.32,8122600,0
AAL.L,D,20060615,000000,2268.64,2405.19,2261.45,2382.43,12277700,0
AAL.L,D,20060616,000000,2455.49,2479.45,2320.14,2371.65,15554200,0
AAL.L,D,20060619,000000,2359.67,2427.95,2308.76,2389.62,8627000,0
AAL.L,D,20060620,000000,2341.70,2499.81,2335.71,2499.81,9400600,0
AAL.L,D,20060621,000000,2505.80,2523.37,2468.67,2522.57,11709300,0
AAL.L,D,20060622,000000,2563.30,2618.40,2488.41,2520.18,11390100,0
AAL.L,D,20060623,000000,2515.38,2546.17,2467.17,2524.97,7989500,0
AAL.L,D,20060626,000000,2539.34,2593.28,2539.34,2560.90,12688300,0
AAL.L,D,20060627,000000,2590.85,2606.42,2371.65,2509.40,6118100,0
AAL.L,D,20060628,000000,2502.21,2521.56,2466.87,2502.21,5999700,0
AAL.L,D,20060629,000000,2527.36,2596.84,2492.63,2590.85,8480700,0
AAL.L,D,20060630,000000,2642.35,2692.66,2629.18,2656.73,7400600,0
AAL.L,D,20060703,000000,2677.09,2703.44,2648.34,2698.65,4222800,0
AAL.L,D,20060704,000000,2698.65,2702.24,2675.89,2689.07,2838900,0
AAL.L,D,20060705,000000,2674.69,2678.29,2600.43,2614.80,5435200,0
AAL.L,D,20060706,000000,2631.57,2679.48,2605.22,2648.34,6720800,0
AAL.L,D,20060707,000000,2648.34,2738.18,2625.58,2707.03,8820000,0
AAL.L,D,20060710,000000,2720.21,2726.20,2648.34,2667.51,6888700,0
AAL.L,D,20060711,000000,2659.12,2716.62,2651.93,2677.09,5858000,0
AAL.L,D,20060712,000000,2705.84,2754.95,2689.07,2719.01,7911300,0
AAL.L,D,20060713,000000,2686.67,2691.46,2602.82,2618.40,5482100,0
AAL.L,D,20060714,000000,2559.70,2624.38,2556.11,2558.51,4369900,0
AAL.L,D,20060717,000000,2576.47,2576.47,2508.20,2523.77,4592200,0
AAL.L,D,20060718,000000,2484.24,2536.95,2472.26,2502.21,5467400,0
AAL.L,D,20060719,000000,2520.18,2641.15,2498.62,2619.59,6561300,0
AAL.L,D,20060720,000000,2647.14,2685.47,2580.07,2602.82,5125600,0
AAL.L,D,20060721,000000,2562.10,2587.25,2508.20,2518.98,5906100,0
AAL.L,D,20060724,000000,2521.37,2550.12,2507.00,2539.34,3949000,0
AAL.L,D,20060725,000000,2547.73,2612.41,2547.73,2560.90,7717900,0
AAL.L,D,20060726,000000,2560.90,2608.81,2547.73,2575.27,5306600,0
AAL.L,D,20060727,000000,2618.40,2678.29,2593.24,2660.32,9822400,0
AAL.L,D,20060728,000000,2630.37,2722.60,2602.82,2707.03,7771200,0
AAL.L,D,20060731,000000,2707.03,2730.99,2642.35,2677.09,4654000,0
AAL.L,D,20060801,000000,2677.09,2723.80,2639.96,2650.74,6584600,0
AAL.L,D,20060802,000000,2663.91,2726.20,2653.13,2717.81,4181900,0
AAL.L,D,20060803,000000,2717.81,2717.81,2717.81,2717.81,000,0
AAL.L,D,20060804,000000,2727.40,2830.41,2707.03,2790.88,12871000,0
AAL.L,D,20060807,000000,2769.32,2795.67,2736.98,2746.56,4068200,0
AAL.L,D,20060808,000000,2775.31,2776.51,2723.80,2733.38,13860500,0
AAL.L,D,20060809,000000,2720.21,2784.89,2689.07,2775.31,7792300,0
AAL.L,D,20060810,000000,2748.96,2784.89,2695.05,2758.54,4396900,0
AAL.L,D,20060811,000000,2764.53,2806.45,2741.77,2772.91,6216100,0
AAL.L,D,20060814,000000,2814.84,2824.42,2774.11,2808.85,3603900,0
AAL.L,D,20060815,000000,2792.08,2812.44,2760.93,2795.67,6458200,0
AAL.L,D,20060816,000000,2816.03,2855.56,2796.87,2842.38,8776200,0
AAL.L,D,20060817,000000,2878.32,2950.19,2874.73,2898.68,10953700,0
AAL.L,D,20060818,000000,2886.70,2926.23,2834.00,2837.59,9420900,0
AAL.L,D,20060821,000000,2886.70,2953.78,2832.80,2940.60,8178700,0
AAL.L,D,20060822,000000,2958.57,2981.33,2919.04,2958.57,9647100,0
AAL.L,D,20060823,000000,2898.68,2904.67,2849.57,2850.77,6918000,0
AAL.L,D,20060824,000000,2817.23,2857.96,2795.67,2805.25,9248400,0
AAL.L,D,20060825,000000,2808.85,2845.98,2776.51,2824.42,5824100,0
AAL.L,D,20060828,000000,2824.42,2824.42,2824.42,2824.42,000,0
AAL.L,D,20060829,000000,2837.59,2849.57,2725.00,2730.99,6772900,0
AAL.L,D,20060830,000000,2735.78,2804.05,2730.99,2793.27,3680800,0
AAL.L,D,20060831,000000,2808.85,2831.60,2708.23,2721.41,6378800,0
AAL.L,D,20060901,000000,2730.99,2806.45,2725.00,2792.08,6579600,0
AAL.L,D,20060904,000000,2799.26,2881.91,2789.68,2878.32,4274700,0
AAL.L,D,20060905,000000,2883.11,2892.69,2836.40,2868.74,4656200,0
AAL.L,D,20060906,000000,2869.93,2869.93,2769.32,2787.29,6306600,0
AAL.L,D,20060907,000000,2771.71,2771.71,2672.30,2686.67,4736100,0
AAL.L,D,20060908,000000,2704.64,2753.75,2651.93,2667.51,5076100,0
AAL.L,D,20060911,000000,2607.62,2619.59,2520.18,2557.31,9166200,0
AAL.L,D,20060912,000000,2541.74,2596.84,2514.19,2577.67,7291000,0
AAL.L,D,20060913,000000,2582.46,2611.21,2564.49,2575.27,6693000,0
AAL.L,D,20060914,000000,2599.23,2643.55,2584.86,2593.24,8718600,0
AAL.L,D,20060915,000000,2574.08,2587.25,2507.00,2527.36,10388500,0
AAL.L,D,20060918,000000,2545.33,2614.80,2511.79,2605.22,7402300,0
AAL.L,D,20060919,000000,2623.19,2635.16,2548.92,2560.90,10728200,0
AAL.L,D,20060920,000000,2535.75,2588.45,2466.27,2563.30,14299600,0
AAL.L,D,20060921,000000,2568.09,2665.11,2568.09,2629.18,12705700,0
AAL.L,D,20060922,000000,2612.41,2654.33,2545.33,2556.11,6665100,0
AAL.L,D,20060925,000000,2572.88,2578.87,2430.34,2467.47,9575700,0
AAL.L,D,20060926,000000,2503.41,2577.67,2485.44,2565.69,13474900,0
AAL.L,D,20060927,000000,2588.45,2689.07,2588.45,2659.12,11166900,0
AAL.L,D,20060928,000000,2693.86,2736.98,2681.88,2716.62,7707900,0
AAL.L,D,20060929,000000,2711.82,2801.66,2653.13,2674.69,11474700,0
AAL.L,D,20061002,000000,2689.07,2759.74,2689.07,2746.56,9579000,0
AAL.L,D,20061003,000000,2740.57,2764.53,2649.54,2675.89,9841800,0
AAL.L,D,20061004,000000,2632.77,2653.13,2580.07,2617.20,11297300,0
AAL.L,D,20061005,000000,2671.10,2708.23,2637.56,2677.09,8478100,0
AAL.L,D,20061006,000000,2677.09,2685.47,2630.37,2662.71,7683700,0
AAL.L,D,20061009,000000,2663.91,2757.34,2650.74,2732.19,8490300,0
AAL.L,D,20061010,000000,2736.98,2786.09,2703.44,2776.51,9423700,0
AAL.L,D,20061011,000000,2778.90,2813.64,2725.00,2763.33,7755100,0
AAL.L,D,20061012,000000,2768.12,2849.57,2759.74,2837.59,8407200,0
AAL.L,D,20061013,000000,2843.58,2895.09,2798.07,2889.10,9855400,0
AAL.L,D,20061016,000000,2892.69,2934.62,2887.90,2905.87,8404400,0
AAL.L,D,20061017,000000,2914.25,2927.43,2810.04,2825.62,5462100,0
AAL.L,D,20061018,000000,2853.16,2879.52,2839.99,2853.16,5308000,0
AAL.L,D,20061019,000000,2850.77,2933.42,2825.62,2911.86,5627500,0
AAL.L,D,20061020,000000,2939.41,2958.57,2859.15,2889.10,4880900,0
AAL.L,D,20061023,000000,2946.59,2950.19,2856.76,2892.69,5257000,0
AAL.L,D,20061024,000000,2862.75,2874.73,2810.04,2849.57,8644900,0
AAL.L,D,20061025,000000,2879.52,2902.27,2850.77,2897.48,4939500,0
AAL.L,D,20061026,000000,2926.23,2926.23,2807.65,2830.41,7254900,0
AAL.L,D,20061027,000000,2843.58,2874.73,2792.08,2872.33,10702300,0
AAL.L,D,20061030,000000,2847.18,2867.54,2804.05,2834.00,6631200,0
AAL.L,D,20061031,000000,2825.62,2856.76,2799.26,2831.60,7083500,0
AAL.L,D,20061101,000000,2841.19,2920.24,2841.19,2892.69,8089600,0
AAL.L,D,20061102,000000,2874.73,2944.20,2847.18,2896.29,8910400,0
AAL.L,D,20061103,000000,2892.69,2919.04,2854.36,2891.49,4713500,0
AAL.L,D,20061106,000000,2875.92,3006.48,2875.92,2999.30,6670000,0
AAL.L,D,20061107,000000,2999.30,3025.65,2972.95,3001.69,4948000,0
AAL.L,D,20061108,000000,2976.54,2981.33,2910.66,2939.41,8154900,0
AAL.L,D,20061109,000000,2951.38,2963.36,2908.26,2953.78,4493900,0
AAL.L,D,20061110,000000,2952.58,3042.42,2927.43,2989.71,11467100,0
AAL.L,D,20061113,000000,2923.84,2968.15,2875.92,2905.87,8238200,0
AAL.L,D,20061114,000000,2931.02,2958.57,2901.08,2922.64,5379600,0
AAL.L,D,20061115,000000,2943.00,2981.33,2890.30,2975.34,8450700,0
AAL.L,D,20061116,000000,2978.93,3024.45,2956.18,2971.75,5941900,0
AAL.L,D,20061117,000000,2938.21,2946.59,2838.79,2872.33,9580000,0
AAL.L,D,20061120,000000,2893.89,2947.79,2850.77,2928.63,5647100,0
AAL.L,D,20061121,000000,2911.86,2963.36,2905.87,2914.25,5286700,0
AAL.L,D,20061122,000000,2953.78,2980.13,2875.92,2889.10,8383300,0
AAL.L,D,20061123,000000,2907.07,2907.07,2859.15,2893.89,5261600,0
AAL.L,D,20061124,000000,2868.74,2926.23,2841.19,2911.86,4422200,0
AAL.L,D,20061127,000000,2927.43,2944.20,2854.36,2860.35,8400600,0
AAL.L,D,20061128,000000,2838.79,2880.71,2796.87,2823.22,7157100,0
AAL.L,D,20061129,000000,2866.34,2871.13,2807.65,2836.40,5557600,0
AAL.L,D,20061130,000000,2838.79,2855.56,2814.84,2829.21,7485000,0
AAL.L,D,20061201,000000,2832.80,2871.13,2790.88,2817.23,5705900,0
AAL.L,D,20061204,000000,2817.23,2861.55,2811.24,2848.37,5738400,0
AAL.L,D,20061205,000000,2863.95,2966.96,2853.16,2940.60,9946400,0
AAL.L,D,20061206,000000,2954.98,2988.52,2925.03,2964.56,9832500,0
AAL.L,D,20061207,000000,2944.20,2960.97,2909.46,2922.64,5801700,0
AAL.L,D,20061208,000000,2878.32,2914.25,2868.74,2898.68,5508500,0
AAL.L,D,20061211,000000,2911.86,2932.22,2893.89,2917.85,6100000,0
AAL.L,D,20061212,000000,2946.59,2946.59,2913.05,2926.23,6974800,0
AAL.L,D,20061213,000000,2916.65,2953.78,2914.25,2952.58,6530600,0
AAL.L,D,20061214,000000,2956.18,3019.66,2951.38,3014.87,8069100,0
AAL.L,D,20061215,000000,3012.47,3031.64,2990.91,2998.10,8731200,0
AAL.L,D,20061218,000000,2976.54,3006.48,2956.18,2971.75,6502300,0
AAL.L,D,20061219,000000,2940.60,3007.68,2905.87,2980.13,6927900,0
AAL.L,D,20061220,000000,3004.09,3006.48,2938.21,2947.79,4335400,0
AAL.L,D,20061221,000000,2947.79,2981.33,2907.07,2916.65,7620900,0
AAL.L,D,20061222,000000,2919.04,2919.04,2889.10,2913.05,1840000,0
AAL.L,D,20061225,000000,2913.05,2913.05,2913.05,2913.05,000,0
AAL.L,D,20061226,000000,2913.05,2913.05,2913.05,2913.05,000,0
AAL.L,D,20061227,000000,2941.80,2974.14,2928.63,2966.96,2049500,0
AAL.L,D,20061228,000000,2986.12,3008.88,2952.58,2978.93,1431200,0
AAL.L,D,20061229,000000,2964.56,2999.30,2943.00,2983.73,1869800,0
AAL.L,D,20070101,000000,2983.73,2983.73,2983.73,2983.73,000,0
AAL.L,D,20070102,000000,3000.49,3061.58,2968.15,3057.99,4050400,0
AAL.L,D,20070103,000000,3054.40,3054.40,2933.42,2944.20,9813000,0
AAL.L,D,20070104,000000,2898.68,2899.88,2855.56,2874.73,11020600,0
AAL.L,D,20070105,000000,2849.57,2879.52,2790.88,2790.88,8195400,0
AAL.L,D,20070108,000000,2793.27,2867.54,2771.71,2836.40,5897200,0
AAL.L,D,20070109,000000,2863.95,2886.70,2825.62,2843.58,13726300,0
AAL.L,D,20070110,000000,2823.22,2881.91,2814.84,2866.34,6549500,0
AAL.L,D,20070111,000000,2901.08,2969.35,2874.73,2956.18,10243000,0
AAL.L,D,20070112,000000,2933.42,2953.78,2898.68,2917.85,9993300,0
AAL.L,D,20070115,000000,2929.82,2948.99,2910.66,2917.85,3103700,0
AAL.L,D,20070116,000000,2886.70,2915.45,2856.76,2856.76,8384600,0
AAL.L,D,20070117,000000,2826.81,2863.95,2760.93,2795.67,11156700,0
AAL.L,D,20070118,000000,2811.24,2834.00,2786.09,2802.86,12069500,0
AAL.L,D,20070119,000000,2780.10,2802.86,2763.33,2800.46,5844100,0
AAL.L,D,20070122,000000,2816.03,2861.55,2806.45,2819.63,7373000,0
AAL.L,D,20070123,000000,2819.63,2868.74,2807.65,2861.55,4909700,0
AAL.L,D,20070124,000000,2895.09,2950.19,2873.53,2913.05,8850500,0
AAL.L,D,20070125,000000,2917.85,2937.01,2886.70,2903.47,6635400,0
AAL.L,D,20070126,000000,2874.73,2895.09,2828.01,2836.40,7763600,0
AAL.L,D,20070129,000000,2868.74,2875.92,2817.23,2832.80,4632100,0
AAL.L,D,20070130,000000,2802.86,2862.75,2786.09,2860.35,8949700,0
AAL.L,D,20070131,000000,2851.97,2874.73,2825.62,2831.60,6762900,0
AAL.L,D,20070201,000000,2844.78,2932.22,2844.78,2886.70,9510800,0
AAL.L,D,20070202,000000,2880.71,2921.44,2837.59,2866.34,5785500,0
AAL.L,D,20070205,000000,2826.81,2883.11,2818.43,2866.34,5066500,0
AAL.L,D,20070206,000000,2877.12,2929.82,2866.34,2880.71,5677700,0
AAL.L,D,20070207,000000,2934.62,2980.13,2892.69,2959.77,8214500,0
AAL.L,D,20070208,000000,2940.60,2951.38,2897.48,2927.43,6159700,0
AAL.L,D,20070209,000000,2957.37,2970.55,2933.42,2954.98,4957000,0
AAL.L,D,20070212,000000,2928.63,2960.97,2898.68,2933.42,2962200,0
AAL.L,D,20070213,000000,2951.38,2999.30,2922.64,2988.52,6367100,0
AAL.L,D,20070214,000000,3019.66,3075.96,3019.66,3075.96,7833800,0
AAL.L,D,20070215,000000,3084.34,3095.12,3037.63,3078.35,5377500,0
AAL.L,D,20070216,000000,3067.57,3067.57,3013.67,3040.02,6528000,0
AAL.L,D,20070219,000000,3096.32,3143.03,3071.16,3140.64,6781100,0
AAL.L,D,20070220,000000,3132.25,3174.18,3085.54,3116.68,8009100,0
AAL.L,D,20070221,000000,3056.79,3098.71,3007.68,3037.63,13676900,0
AAL.L,D,20070222,000000,3073.56,3120.27,3040.02,3068.77,12272400,0
AAL.L,D,20070223,000000,3084.34,3132.25,3049.60,3123.87,9204700,0
AAL.L,D,20070226,000000,3143.03,3166.99,3133.45,3150.22,5374700,0
AAL.L,D,20070227,000000,3072.36,3087.93,2944.20,3002.89,13013800,0
AAL.L,D,20070228,000000,2934.62,2958.57,2879.52,2893.89,18183400,0
AAL.L,D,20070301,000000,2889.10,2943.00,2772.91,2860.35,13541900,0
AAL.L,D,20070302,000000,2871.13,2943.00,2805.25,2903.47,14079300,0
AAL.L,D,20070305,000000,2820.82,2889.10,2784.89,2853.16,8569400,0
AAL.L,D,20070306,000000,2895.09,2940.60,2878.32,2897.48,13075500,0
AAL.L,D,20070307,000000,2899.88,2922.64,2880.71,2892.69,9146200,0
AAL.L,D,20070308,000000,2910.66,3031.64,2901.08,2934.62,11236400,0
AAL.L,D,20070309,000000,2928.63,2999.30,2905.87,2954.98,7487700,0
AAL.L,D,20070312,000000,3042.42,3042.42,2983.73,3005.29,9258000,0
AAL.L,D,20070313,000000,3013.67,3036.43,2968.15,2972.95,7689800,0
AAL.L,D,20070314,000000,2871.13,2887.90,2819.63,2819.63,10109100,0
AAL.L,D,20070315,000000,2898.68,2980.13,2889.10,2980.13,8750800,0
AAL.L,D,20070316,000000,2958.57,2998.10,2922.64,2971.75,10815000,0
AAL.L,D,20070319,000000,3024.45,3054.40,2995.70,3040.02,5607400,0
AAL.L,D,20070320,000000,3042.42,3081.95,2995.70,3078.35,9309700,0
AAL.L,D,20070321,000000,3054.40,3149.02,3054.40,3125.07,7714900,0
AAL.L,D,20070322,000000,3171.78,3190.95,3129.86,3163.40,7664900,0
AAL.L,D,20070323,000000,3162.20,3175.37,3129.86,3158.60,11308400,0
AAL.L,D,20070326,000000,3176.57,3214.90,3120.27,3134.65,7210900,0
AAL.L,D,20070327,000000,3177.77,3193.34,3147.82,3159.80,6123300,0
AAL.L,D,20070328,000000,3138.24,3152.62,3092.73,3116.68,7946600,0
AAL.L,D,20070329,000000,3139.44,3218.49,3127.46,3201.73,8064500,0
AAL.L,D,20070330,000000,3214.90,3234.07,3192.14,3206.52,4910200,0
AAL.L,D,20070402,000000,3190.95,3217.30,3178.97,3210.11,3391100,0
AAL.L,D,20070403,000000,3234.07,3287.97,3229.27,3275.99,7199100,0
AAL.L,D,20070404,000000,3305.93,3305.93,3231.67,3265.21,6084300,0
AAL.L,D,20070405,000000,3260.42,3308.33,3238.86,3285.57,4838200,0
AAL.L,D,20070406,000000,3285.57,3285.57,3285.57,3285.57,000,0
AAL.L,D,20070409,000000,3285.57,3285.57,3285.57,3285.57,000,0
AAL.L,D,20070410,000000,3304.74,3349.05,3293.96,3329.89,8813500,0
AAL.L,D,20070411,000000,3332.29,3365.82,3287.97,3311.92,6993600,0
AAL.L,D,20070412,000000,3298.75,3320.31,3255.63,3283.18,6568900,0
AAL.L,D,20070413,000000,3280.78,3293.96,3241.25,3281.98,4323900,0
AAL.L,D,20070416,000000,3296.35,3315.52,3271.20,3301.14,5577600,0
AAL.L,D,20070417,000000,3303.54,3323.90,3244.85,3308.33,5612500,0
AAL.L,D,20070418,000000,3335.88,3352.65,3225.68,3240.05,7530800,0
AAL.L,D,20070419,000000,3165.79,3225.68,3147.82,3211.31,7845600,0
AAL.L,D,20070420,000000,3232.87,3279.58,3223.29,3267.60,4279300,0
AAL.L,D,20070423,000000,3281.98,3284.37,3230.47,3274.79,5449800,0
AAL.L,D,20070424,000000,3253.23,3292.76,3184.96,3200.53,5285700,0
AAL.L,D,20070425,000000,3222.09,3261.62,3194.54,3247.24,5110600,0
AAL.L,D,20070426,000000,3279.58,3317.91,3192.14,3212.51,8340600,0
AAL.L,D,20070427,000000,3202.92,3218.49,3123.87,3207.71,7424500,0
AAL.L,D,20070430,000000,3204.12,3218.49,3178.97,3196.93,4625500,0
AAL.L,D,20070501,000000,3192.14,3192.14,3133.45,3174.18,3283300,0
AAL.L,D,20070502,000000,3205.32,3256.82,3205.32,3256.82,7470500,0
AAL.L,D,20070503,000000,3252.03,3347.86,3234.07,3319.11,6038700,0
AAL.L,D,20070504,000000,3355.04,3453.26,3353.85,3449.67,7007800,0
AAL.L,D,20070507,000000,3449.67,3449.67,3449.67,3449.67,000,0
AAL.L,D,20070508,000000,3505.97,3522.74,3356.24,3377.80,4696300,0
AAL.L,D,20070509,000000,3478.42,3593.41,3407.75,3508.36,9202200,0
AAL.L,D,20070510,000000,3437.69,3503.57,3400.56,3416.13,10915200,0
AAL.L,D,20070511,000000,3347.86,3575.44,3345.46,3515.55,19289300,0
AAL.L,D,20070514,000000,3551.48,3558.67,3412.54,3442.48,7714600,0
AAL.L,D,20070515,000000,3413.74,3473.63,3395.77,3466.44,9626400,0
AAL.L,D,20070516,000000,3444.88,3490.40,3416.13,3438.89,6427300,0
AAL.L,D,20070517,000000,3466.44,3466.44,3352.65,3371.81,7044500,0
AAL.L,D,20070518,000000,3352.65,3472.43,3325.10,3443.68,7455500,0
AAL.L,D,20070521,000000,3461.65,3594.60,3435.30,3561.07,11824800,0
AAL.L,D,20070522,000000,3559.87,3628.14,3532.32,3537.11,12161200,0
AAL.L,D,20070523,000000,3556.27,3592.21,3546.69,3561.07,6428900,0
AAL.L,D,20070524,000000,3533.52,3562.26,3468.84,3480.81,6433200,0
AAL.L,D,20070525,000000,3425.71,3529.92,3419.73,3521.54,4574100,0
AAL.L,D,20070528,000000,3521.54,3521.54,3521.54,3521.54,000,0
AAL.L,D,20070529,000000,3534.71,3555.08,3509.56,3523.93,2861800,0
AAL.L,D,20070530,000000,3470.03,3541.90,3465.24,3491.59,6629000,0
AAL.L,D,20070531,000000,3521.54,3648.51,3521.54,3640.12,8428800,0
AAL.L,D,20070601,000000,3640.12,3640.12,3640.12,3640.12,000,0
AAL.L,D,20070604,000000,3713.19,3733.55,3667.67,3689.23,6092200,0
AAL.L,D,20070605,000000,3689.23,3711.99,3646.11,3671.26,5288700,0
AAL.L,D,20070606,000000,3683.24,3683.24,3511.96,3521.54,9299300,0
AAL.L,D,20070607,000000,3564.66,3588.62,3458.05,3511.96,6792900,0
AAL.L,D,20070608,000000,3461.65,3525.13,3418.53,3511.96,6146800,0
AAL.L,D,20070611,000000,3563.46,3569.45,3520.34,3569.45,5427200,0
AAL.L,D,20070612,000000,3570.65,3618.56,3526.33,3534.71,5564200,0
AAL.L,D,20070613,000000,3482.01,3646.11,3482.01,3640.12,7217800,0
AAL.L,D,20070614,000000,3677.25,3703.60,3605.38,3659.29,17498200,0
AAL.L,D,20070615,000000,3688.03,3820.99,3665.27,3788.65,13880000,0
AAL.L,D,20070618,000000,3809.01,3809.01,3738.34,3757.51,9603100,0
AAL.L,D,20070619,000000,3779.07,3793.44,3668.87,3688.03,8183400,0
AAL.L,D,20070620,000000,3713.19,3779.07,3694.02,3713.19,8865500,0
AAL.L,D,20070621,000000,3704.80,3744.33,3620.96,3664.08,6654800,0
AAL.L,D,20070622,000000,3683.24,3707.20,3623.35,3637.73,5130500,0
AAL.L,D,20070625,000000,3593.41,3605.38,3511.96,3587.42,9029500,0
AAL.L,D,20070626,000000,3575.44,3583.82,3527.53,3539.51,7781500,0
AAL.L,D,20070627,000000,3503.57,3503.57,3426.91,3482.01,8670800,0
AAL.L,D,20070628,000000,3529.92,3552.68,3437.69,3480.81,8124700,0
AAL.L,D,20070629,000000,3166.45,3211.14,3116.31,3210.05,9248300,0
AAL.L,D,20070702,000000,3210.05,3210.05,3210.05,3210.05,000,0
AAL.L,D,20070703,000000,3210.05,3210.05,3210.05,3210.05,000,0
AAL.L,D,20070704,000000,3190.00,3200.00,3159.00,3177.00,3864600,0
AAL.L,D,20070705,000000,3217.00,3238.00,3156.00,3191.00,8739200,0
AAL.L,D,20070706,000000,3168.00,3284.00,3157.00,3267.00,8189600,0
AAL.L,D,20070709,000000,3302.00,3343.00,3255.00,3324.00,8377000,0
AAL.L,D,20070710,000000,3306.00,3332.00,3173.00,3204.00,9742800,0
AAL.L,D,20070711,000000,3180.00,3253.00,3165.00,3230.00,8038800,0
AAL.L,D,20070712,000000,3282.00,3319.00,3236.00,3319.00,11409000,0
AAL.L,D,20070713,000000,3352.00,3364.00,3279.00,3295.00,5807500,0
AAL.L,D,20070716,000000,3278.00,3316.00,3240.00,3277.00,7621000,0
AAL.L,D,20070717,000000,3270.00,3278.00,3213.00,3224.00,6967700,0
AAL.L,D,20070718,000000,3169.00,3200.00,3100.00,3100.00,9184100,0
AAL.L,D,20070719,000000,3137.00,3218.00,3119.00,3202.00,8709100,0
AAL.L,D,20070720,000000,3202.00,3265.00,3167.00,3176.00,5531000,0
AAL.L,D,20070723,000000,3165.00,3261.00,3165.00,3257.00,5293200,0
AAL.L,D,20070724,000000,3254.00,3283.00,3133.00,3133.00,7169400,0
AAL.L,D,20070725,000000,3100.00,3163.00,3020.00,3040.00,7907700,0
AAL.L,D,20070726,000000,3070.00,3075.00,2853.00,2853.00,12766500,0
AAL.L,D,20070727,000000,2829.00,2848.00,2720.00,2739.00,16673900,0
AAL.L,D,20070730,000000,2751.00,2810.00,2729.00,2760.00,12571600,0
AAL.L,D,20070731,000000,2794.00,2915.00,2788.00,2904.00,14191900,0
AAL.L,D,20070801,000000,2790.00,2871.00,2754.00,2798.00,14729400,0
AAL.L,D,20070802,000000,2816.00,2843.00,2743.00,2769.00,10482800,0
AAL.L,D,20070803,000000,2840.00,2881.00,2751.00,2759.00,10971100,0
AAL.L,D,20070806,000000,2710.00,2785.00,2666.00,2685.00,11975000,0
AAL.L,D,20070807,000000,2730.00,2798.00,2728.00,2798.00,12462900,0
AAL.L,D,20070808,000000,2852.00,2862.00,2800.00,2845.00,12326800,0
AAL.L,D,20070809,000000,2841.00,2867.00,2740.00,2759.00,13748500,0
AAL.L,D,20070810,000000,2716.00,2724.00,2600.00,2600.00,14950200,0
AAL.L,D,20070813,000000,2670.00,2837.00,2667.00,2816.00,15127900,0
AAL.L,D,20070814,000000,2803.00,2893.00,2764.00,2779.00,10532300,0
AAL.L,D,20070815,000000,2739.00,2770.00,2656.00,2725.00,10990500,0
AAL.L,D,20070816,000000,2630.00,2653.00,2451.00,2470.00,18697600,0
AAL.L,D,20070817,000000,2484.00,2687.00,2403.00,2539.00,26468200,0
AAL.L,D,20070820,000000,2599.00,2690.00,2589.00,2616.00,13215200,0
AAL.L,D,20070821,000000,2635.00,2676.00,2578.00,2604.00,10014800,0
AAL.L,D,20070822,000000,2621.00,2776.00,2621.00,2752.00,10609100,0
AAL.L,D,20070823,000000,2848.00,2868.00,2728.00,2728.00,10363400,0
AAL.L,D,20070824,000000,2728.00,2779.00,2699.00,2763.00,7967800,0
AAL.L,D,20070827,000000,2763.00,2763.00,2763.00,2763.00,000,0
AAL.L,D,20070828,000000,2770.00,2795.00,2702.00,2720.00,7232000,0
AAL.L,D,20070829,000000,2700.00,2741.00,2657.00,2712.00,11000800,0
AAL.L,D,20070830,000000,2735.00,2779.00,2711.00,2771.00,8154500,0
AAL.L,D,20070831,000000,2826.00,2863.00,2716.00,2844.00,6720300,0
AAL.L,D,20070903,000000,2872.00,2876.00,2816.00,2841.00,3383200,0
AAL.L,D,20070904,000000,2847.00,2886.00,2801.00,2871.00,6078400,0
AAL.L,D,20070905,000000,2865.00,2929.00,2834.00,2841.00,9498900,0
AAL.L,D,20070906,000000,2885.00,2944.00,2831.00,2918.00,7807300,0
AAL.L,D,20070907,000000,2935.00,2977.00,2768.00,2776.00,17626400,0
AAL.L,D,20070910,000000,2780.00,2819.00,2707.00,2719.00,8640000,0
AAL.L,D,20070911,000000,2750.00,2827.00,2727.00,2827.00,7173600,0
AAL.L,D,20070912,000000,2820.00,2860.00,2750.00,2795.00,5367600,0
AAL.L,D,20070913,000000,2816.00,2921.00,2793.00,2908.00,9081300,0
AAL.L,D,20070914,000000,2886.00,2928.00,2705.00,2892.00,5859900,0
AAL.L,D,20070917,000000,2868.00,2894.00,2823.00,2845.00,6547400,0
AAL.L,D,20070918,000000,2821.00,2908.00,2817.00,2890.00,9312000,0
AAL.L,D,20070919,000000,3027.00,3174.00,3000.00,3129.00,20458500,0
AAL.L,D,20070920,000000,3098.00,3200.00,3092.00,3182.00,8795400,0
AAL.L,D,20070921,000000,3182.00,3208.00,3147.00,3147.00,15028900,0
AAL.L,D,20070924,000000,3160.00,3291.00,3160.00,3277.00,10252100,0
AAL.L,D,20070925,000000,3257.00,3259.00,3133.00,3179.00,12617500,0
AAL.L,D,20070926,000000,3171.00,3350.00,3161.00,3221.00,10472700,0
AAL.L,D,20070927,000000,3261.00,3301.00,3187.00,3251.00,8233000,0
AAL.L,D,20070928,000000,3280.00,3300.00,3238.00,3289.00,9858700,0
AAL.L,D,20071001,000000,3250.00,3385.00,3230.00,3360.00,8739400,0
AAL.L,D,20071002,000000,3390.00,3400.00,3259.00,3280.00,9877000,0
AAL.L,D,20071003,000000,3289.00,3318.00,3245.00,3297.00,5354100,0
AAL.L,D,20071004,000000,3232.00,3295.00,3188.00,3248.00,6163700,0
AAL.L,D,20071005,000000,3269.00,3346.00,3269.00,3343.00,6630800,0
AAL.L,D,20071008,000000,3341.00,3362.00,3250.00,3256.00,5466300,0
AAL.L,D,20071009,000000,3255.00,3333.00,3213.00,3313.00,4629000,0
AAL.L,D,20071010,000000,3310.00,3389.00,3308.00,3375.00,6134000,0
AAL.L,D,20071011,000000,3396.00,3510.00,3391.00,3480.00,10245600,0
AAL.L,D,20071012,000000,3435.00,3448.00,3345.00,3435.00,9416400,0
AAL.L,D,20071015,000000,3442.00,3490.00,3395.00,3406.00,7217800,0
AAL.L,D,20071016,000000,3398.00,3400.00,3288.00,3320.00,9428300,0
AAL.L,D,20071017,000000,3290.00,3339.00,3223.00,3310.00,10933100,0
AAL.L,D,20071018,000000,3326.00,3373.00,3217.00,3249.00,8055800,0
AAL.L,D,20071019,000000,3239.00,3285.00,3176.00,3200.00,5104400,0
AAL.L,D,20071022,000000,3100.00,3104.00,3008.00,3046.00,11643700,0
AAL.L,D,20071023,000000,3080.00,3143.00,3072.00,3116.00,7384000,0
AAL.L,D,20071024,000000,3106.00,3159.00,3035.00,3054.00,7739500,0
AAL.L,D,20071025,000000,3105.00,3171.00,3095.00,3163.00,16770400,0
AAL.L,D,20071026,000000,3200.00,3282.00,3164.00,3245.00,6198000,0
AAL.L,D,20071029,000000,3318.00,3365.00,3280.00,3352.00,6729000,0
AAL.L,D,20071030,000000,3334.00,3340.00,3253.00,3258.00,6114500,0
AAL.L,D,20071031,000000,3272.00,3314.00,3225.00,3314.00,6682700,0
AAL.L,D,20071101,000000,3344.00,3364.00,3141.00,3170.00,8261500,0
AAL.L,D,20071102,000000,3136.00,3164.00,3056.00,3116.00,8791300,0
AAL.L,D,20071105,000000,3040.00,3079.00,2969.00,3052.00,7491900,0
AAL.L,D,20071106,000000,3085.00,3167.00,3085.00,3152.00,5955400,0
AAL.L,D,20071107,000000,3201.00,3240.00,3155.00,3171.00,8075800,0
AAL.L,D,20071108,000000,3111.00,3681.00,3061.00,3645.00,24963900,0
AAL.L,D,20071109,000000,3558.00,3657.00,3395.00,3486.00,15452000,0
AAL.L,D,20071112,000000,3482.00,3492.00,3232.00,3329.00,10115500,0
AAL.L,D,20071113,000000,3315.00,3334.00,3177.00,3239.00,9137100,0
AAL.L,D,20071114,000000,3290.00,3321.00,3236.00,3290.00,8627500,0
AAL.L,D,20071115,000000,3295.00,3366.00,3178.00,3218.00,7347300,0
AAL.L,D,20071116,000000,3180.00,3192.00,3074.00,3086.00,8758900,0
AAL.L,D,20071119,000000,3099.00,3099.00,2845.00,2862.00,10761200,0
AAL.L,D,20071120,000000,2914.00,2989.00,2786.00,2964.00,12620900,0
AAL.L,D,20071121,000000,2876.00,2937.00,2790.00,2830.00,11724800,0
AAL.L,D,20071122,000000,2850.00,2899.00,2745.00,2809.00,7212900,0
AAL.L,D,20071123,000000,2840.00,3079.00,2823.00,2980.00,10625600,0
AAL.L,D,20071126,000000,3050.00,3086.00,2888.00,2900.00,7780000,0
AAL.L,D,20071127,000000,2870.00,2906.00,2731.00,2809.00,10675300,0
AAL.L,D,20071128,000000,2830.00,2964.00,2705.00,2955.00,9977600,0
AAL.L,D,20071129,000000,2980.00,3240.00,2930.00,3154.00,12332700,0
AAL.L,D,20071130,000000,3159.00,3326.00,3120.00,3286.00,10664600,0
AAL.L,D,20071203,000000,3295.00,3307.00,3178.00,3191.00,5096800,0
AAL.L,D,20071204,000000,3201.00,3209.00,3085.00,3118.00,5023100,0
AAL.L,D,20071205,000000,3161.00,3277.00,3153.00,3273.00,6690700,0
AAL.L,D,20071206,000000,3266.00,3327.00,3186.00,3236.00,5898800,0
AAL.L,D,20071207,000000,3269.00,3571.00,3243.00,3400.00,10069000,0
AAL.L,D,20071210,000000,3380.00,3460.00,3372.00,3392.00,5477000,0
AAL.L,D,20071211,000000,3425.00,3450.00,3319.00,3330.00,5182000,0
AAL.L,D,20071212,000000,3264.00,3388.00,3243.00,3313.00,6528300,0
AAL.L,D,20071213,000000,3205.00,3284.00,3158.00,3180.00,6743000,0
AAL.L,D,20071214,000000,3227.00,3227.00,3009.00,3072.00,7141300,0
AAL.L,D,20071217,000000,3018.00,3047.00,2931.00,2954.00,7380800,0
AAL.L,D,20071218,000000,2939.00,3017.00,2873.00,2984.00,9776700,0
AAL.L,D,20071219,000000,2988.00,2988.00,2880.00,2919.00,4928700,0
AAL.L,D,20071220,000000,2926.00,2937.00,2862.00,2884.00,7520000,0
AAL.L,D,20071221,000000,2931.00,3019.00,2918.00,3013.00,8823400,0
AAL.L,D,20071224,000000,3021.00,3089.00,3021.00,3079.00,780900,0
AAL.L,D,20071225,000000,3079.00,3079.00,3079.00,3079.00,000,0
AAL.L,D,20071226,000000,3079.00,3079.00,3079.00,3079.00,000,0
AAL.L,D,20071227,000000,3090.00,3141.00,3068.00,3089.00,3260800,0
AAL.L,D,20071228,000000,3075.00,3126.00,3061.00,3097.00,1994000,0
AAL.L,D,20071231,000000,3068.00,3106.00,3039.00,3080.00,704100,0